_id,search_text,link,comp_name,contact_person,from_website,from_google,from_crunchbase,from_dnb,from_oc,from_owler,from_oc_agent,from_li,cb_link
5eb62e2a134cc6fb9536e93d,https://www.2and2.com.au/about/what-we-do,https://www.2and2.com.au/,2 and 2,"['Leon Young', 'Managing Director and R&D Lead']","['Leon Young', 'Managing Director and R&D Lead']","['Leon Young', 'CEO']","[' Steve Fanale', 'founder(s)']","[['LEON CLIVE YOUNG', 'Director'], ['STEVEN ROBERT FANALE', 'Director'], ['STEVEN ROBERT FANALE', 'Secretary']]",None,None,None,"[['Randy Olan ', 'Implementation Director_2and2'], ['Alex Reid ', 'Founder_2and2'], ['Marcus Lam ', 'Development Team Leader_2and2'], ['Phil Douglas ', 'Development team leader_2and2'], ['Phil Douglas ', 'Chief Technology Officer_Vitable'], ['Leon Young ', 'CEO and R&D Lead_Cogniss'], ['Mark Martin ', 'Contract Project Manager_Liberate ...']]",https://www.crunchbase.com/organization/2and2
5eb630147afe26eca4ba7bfa,https://www.answersportals.com/,https://www.answersportals.com/,Answers Portals,"['Programming Homework Help ', 'Business ..._LinkedIn']",None,None,None,None,None,None,None,"[['Programming Homework Help ', 'Business ..._LinkedIn']]",https://www.crunchbase.com/organization/answers-portals
5eb6311c86662885174692de,https://arludo.com/,https://arludo.com/,arludo,"['Michael Kasumovic', 'founder']",None,"['Michael Kasumovic', 'founder']","[' Michael Kasumovic', 'founder(s)']",None,None,None,None,"[['Andrew Harris ', 'Lead Designer_arludo'], ['Matt Batchelor ', 'Game Programmer_arludo'], ['Michael Kasumovic ', 'Associate Professor_UNSW ...'], ['Tom Hill ', 'Front End Developer_arludo'], ['Emily Laimanovska ', 'Game Programmer_arludo'], ['Phillip Thai ', 'Operations Management Consultant ..._LinkedIn'], ['Phillip Thai ', 'Product Management (Strategy ..._LinkedIn']]",https://www.crunchbase.com/organization/arludo
5eb631f1fac479799dedd1f8,www.assignmenthelpservices.com/,https://www.assignmenthelpservices.com/,Assignment Help Services,"['Online Assignment Help ', 'Manager_www ...']",None,None,None,None,None,None,None,"[['Online Assignment Help ', 'Manager_www ...'], ['Nicole Valerio ', 'Cheap Assignment Help_Self ...'], ['Students Assignment Help ', 'Assignment Helpers ..._LinkedIn'], ['Assignment Writing Help ', 'Assignment Help UK ..._LinkedIn'], ['Karen Wilson ', 'Assignment Help Provider ..._LinkedIn']]",https://www.crunchbase.com/organization/assignment-help-services
5eb6331597c8f5512179c4f1,https://getatomi.com/,https://getatomi.com/,Atomi,"["" Rob Barakat, Thomas O'Donahoo"", 'founder(s)']",None,None,"["" Rob Barakat, Thomas O'Donahoo"", 'founder(s)']",None,None,None,None,None,https://www.crunchbase.com/organization/atomi
5eb634492802acb8c48e02aa,www.schoolappsolution.com.au,https://www.schoolappsolution.com.au/,School App Solution,"['Vikash Jangid -', 'CEO']",None,"['Vikash Jangid -', 'CEO']",None,None,None,None,None,"[['Matthew Becker ', 'Technology Learning Facilitator ..._LinkedIn'], ['James Ross ', 'Engineer_Birdon Group'], ['Lindsay Bava ', 'learning facilitator_Kangan Batman ...'], ['Kathleen Go ', 'Co CEO_Oasis Group'], ['Jack McGrath ', 'Graduate Consultant_Lead ...'], ['Matthew Becker ', 'Director_SchoolSync Pty Ltd']]",https://www.crunchbase.com/organization/school-app-solution
5eb63539be65b70e5af0c7a9,www.australianassignmentshelp.com/,https://www.australianassignmentshelp.com/,Australian assignments help,"['Elizabeth Mailey ', 'Content Writer_Self']",None,None,None,None,None,None,None,"[['Elizabeth Mailey ', 'Content Writer_Self']]",https://www.crunchbase.com/organization/australian-assignment-help-australia
5eb6363894bd0b097f9c2734,australianhelp.com/,https://australianhelp.com/,Australian Help,"['Willem Janszoon', 'CEO']",None,"['Willem Janszoon', 'CEO']",None,None,None,None,None,"[['Callan Tenabel ', 'Managing Director_Owner ...'], ['Nick Allison ', 'Completions Manager_Decon ...'], ['Elizabeth Kersley ', 'Melbourne_ Australia ..._LinkedIn'], ['Shane Richards ', 'IT Service Desk CMDB (Asset ..._LinkedIn'], ['Brent Snow ', 'Chief Technology Officer_NSW ...']]",https://www.crunchbase.com/organization/australian-help
5eb6378b772150870b5c8d27,www.beautycoursesonline.com/,https://www.beautycoursesonline.com/,Beauty Courses Online,"['Liesl HERMANN', ' director']",None,None,None,None,"[['Liesl HERMANN', ' director']]","['Aurelian Lis', 'CEO']",None,"[['Falak Naz ', 'beautician_Beauty Courses Online'], ['Shaunelle Ladd ', 'Managing Director_Self'], ['Amanda Harrington ', 'Senior Associate_Scanlan ...']]",https://www.crunchbase.com/organization/fresh-discover-beauty-online
5eb639ee2c60aae411d1ae8b,brainpump.net/,http://brainpump.net/,Brain Pump,"['Tony Lobb ', 'General Manager VP Australia_Strata ...']",None,None,None,None,None,None,None,"[['Tony Lobb ', 'General Manager VP Australia_Strata ...'], ['Emil Mustafayev ', 'Hydraulic Engineer_Caspian ...'], ['Tony Lobb ', 'General Manager VP Australia_Strata ...']]",https://www.crunchbase.com/organization/brain-pump
5eb63aff81de1c4846fd91ab,www.careercake.com/,https://www.careercake.com/,Careercake,"['Aimee Bateman', 'Founder & CEO (current)']","['Aimee Bateman', 'Founder & CEO (current)']","['Aimee Bateman', 'CEO']","[' Aimee Bateman', 'founder(s)']",None,None,None,None,None,https://www.crunchbase.com/organization/careercake
5eb63c1e9c69232f6ed6edd8,centralinnovation.com.au/,https://centralinnovation.com.au/,Central Innovation Pty Ltd.,"['Mike Russell', 'Chief Operating Officer']","['Mike Russell', 'Chief Operating Officer']","['Max Piper', 'CEO']",None,"[['MAX EDWARD PIPER', 'Director'], ['OWEN DULLEA', 'Director'], ['DAVID RANDALL', 'Director'], ['OWEN DULLEA', 'Secretary']]",None,"['Mike Hamilton', 'CEO']",None,"[['Mike Russell ', 'Central Innovation Pty Ltd_LinkedIn'], ['Morgane Aubry ', 'Campaign Lead_Digital ...']]",https://www.crunchbase.com/organization/central-innovation-pty-ltd
5eb63d1b9d2ec0b892c42dd5,www.c-learning.com.au/,https://www.c-learning.net/,C-Learning Pty,"['Jamie E. Smith MBA,BA,FRSA', 'Executive Chairman']","['Jamie E. Smith MBA,BA,FRSA', 'Executive Chairman']",None,None,None,None,"['Phillip Tutty', 'CEO']",None,"[['Cassandra Dickson ', 'Project Manager_C']]",https://www.crunchbase.com/organization/c-learning-pty
5eb63e1ee805d1cff3d80a25,www.complierenterprise.com/,http://www.complierenterprise.com/,Complier Enterprise,"[' Brian Whiteside, Wayne Rochat', 'founder(s)']",None,None,"[' Brian Whiteside, Wayne Rochat', 'founder(s)']",None,None,None,None,"[['Robert Cook ', 'RPAS Trainer_Complier Enterprise'], ['Tanya Rochat ', 'CMO and CBO_Complier Enterprise'], ['Ilonke van der Merwe ', 'Complier Enterprise_LinkedIn'], ['Yvette Rochat ', 'UOC_Complier Enterprise'], ['Thomas Normandy ', 'Aviation Flight Operations Manager_The ...'], ['Mark Peters ', 'Research Compliance Officer ECO ..._LinkedIn'], ['Thomas Seitz ', 'Program Manager_PAE ISR_ LLC'], ['John Rohrer ', 'Officer_Army National Guard'], ['Dane Magee ', 'e_Marketing and Creative Services Manager ...']]",https://www.crunchbase.com/organization/complier-enterprise
5eb63ee743b668cb27ef8137,www.compnow.com.au,https://www.compnow.com.au/,CompNow,"['Daniel Hutchinson', 'CEO']",None,"['Daniel Hutchinson', 'CEO']",None,None,None,"['James Walker', 'CEO']",None,"[['Adam Blacklock ', 'General Manager_Computers Now'], ['Jason Daniel ', 'National Public Sector Manager ..._LinkedIn'], ['Renai Ingersole ', 'Managing Director_Computers Now ...'], ['Andrew Charles ', 'National Sales Manager_Computers Now ...'], ['Thomas Flaus ', 'Business Development Manager ..._LinkedIn'], ['Trevor Peterson ', 'National Sales Operations Manager_LinkedIn'], ['Debbie Whelehan ', 'Commercial Manager_Computers Now ...'], ['Laura Dowd ', 'WA State Manager_Computers Now'], ['Brendon Field ', 'Business Development Manager ..._LinkedIn']]",https://www.crunchbase.com/organization/computers-now
5eb640560732058562a400b3,www.convincely.com,https://convincely.com/,Convincely,"['Pratik Doshi', 'CEO']",None,"['Pratik Doshi', 'CEO']","[' Avishek Chakraborty, Pratik Doshi', 'founder(s)']",None,None,None,None,"[['Pratik Doshi ', 'CEO_Convincely'], ['Dale Hellyer ', 'Senior Client Strategy Manager_Convincely ...'], ['Jon Murphy ', 'VP Commercial Services_Convincely'], ['Van Nguyen ', 'Chief Technology Officer_Convincely'], ['Gregory Yong ', 'Convincely_LinkedIn'], ['Greg Fiske ', 'Convincely_LinkedIn']]",https://www.crunchbase.com/organization/convincely
5eb646ce3b4442b4da91c057,CourseLink,https://help.blackboard.com/Learn/Instructor/Course_Content/Create_Content/Create_Course_Materials/Link_to_Content_and_Tools,CourseLink,"['Nafis Muntasir ', 'Associate Manager_Mastercard ...']",None,None,None,None,None,None,None,"[['Nafis Muntasir ', 'Associate Manager_Mastercard ...'], ['Abdullah Al', 'Hayali_Machine Learning Researcher ...'], ['Dr Steven Newmaster ', 'Director_ Botanical ..._LinkedIn'], ['Jason Baley ', 'Territory Manager_Cardiac ...'], ['Joel Amato ', 'Greater Los Angeles Area ..._LinkedIn']]",https://www.crunchbase.com/organization/courselink
5eb6479687b6932b9e6de098,www.coursesdirect.com.au,http://www.coursesdirect.com.au/,Courses Direct,"['Danielle Morris ', 'Personal Account Manager ..._LinkedIn']",None,None,None,None,None,None,None,"[['Danielle Morris ', 'Personal Account Manager ..._LinkedIn'], ['Lucy Cox ', 'Education Manager_Animal Courses Direct ...'], ['Deborah Walton ', 'London_ United Kingdom ..._LinkedIn'], ['Ian Price ', 'Owner_Business Training Direct'], ['Rassul T. ', 'Sales Manager UK & IE_The Career ...'], ['Rebecca Pears ', 'Director_Training Courses Direct'], ['Damien Wheatley ', 'Operations Manager_Urban ...'], ['kim pearce ', 'Director_Animal Jobs Direct'], ['Wendy Carter ', 'New South Wales_ Australia ..._LinkedIn']]",https://www.crunchbase.com/organization/courses-direct
5eb648bf6bc924ef46ab60da,www.cuberider.com/,https://launchpad.cuberider.com/,Cuberider,"['Solange Cunin', 'CEO']",None,"['Solange Cunin', 'CEO']","[' Sebastian Chaoui, Solange Cunin', 'founder(s)']",None,None,None,None,None,https://www.crunchbase.com/organization/cuberider
5eb64a8e96bdd2bbbb3287e5,devika.com/,https://devika.com/,Devika,"['Ken K.', 'Founder and Managing Director']","['Ken K.', 'Founder and Managing Director']","['Ken Kencevski', 'CEO']","[' Ken Kencevski', 'founder(s)']",None,None,None,None,None,https://www.crunchbase.com/organization/devika-2
5eb64bc810a22fecd4eca987,dienstconsulting.com/,https://dienstconsulting.com/,Dienst Consulting,"['Alan Hodson', 'CEO']",None,"['Alan Hodson', 'CEO']",None,None,None,"['Rob Evans', 'CEO']",None,"[['Rob Easton ', 'Technical Services Manager_Dienst Consulting ...'], ['Damien Crocker ', 'Business Analyst/Project Manager_LinkedIn'], ['Brooke Smith ', 'Business Development Manager ..._LinkedIn'], ['Alan Hodson ', 'Managing Director and Principal ..._LinkedIn'], ['Steven Humphrys ', 'Sales Manager_Dienst Consulting ...'], ['Matthew Fonceca ', 'Dienst Consulting_LinkedIn'], ['Michael Cleghorn ', 'Dienst Consulting_LinkedIn'], ['John Strachan ', 'Solution Architect_Dienst Consulting'], ['Gihan Galhenage ', 'Perth_ Western Australia ..._LinkedIn']]",https://www.crunchbase.com/organization/dienst-consulting
5eb64cfc8c94747a21f39855,digiskool.co.ke/ austraila,https://www.digischoolgroup.com/en/produits,digiskool,['None'],None,None,None,None,None,None,None,None,https://www.crunchbase.com/organization/digiskool
5eb64e13158973dfa9982019,www.digistorm.com.au/,https://www.digistorm.com.au/,Digistorm,"['Tim Oswald', 'Managing_Director']",None,"['Tim Oswald', 'Managing_Director']",None,None,None,None,None,"[['Tim Oswald ', 'Managing Director_Digistorm'], ['Chris Lang ', 'Director of Sales and Marketing_Digistorm ...'], ['Heather Venz ', 'Marketing Manager_Digistorm'], ['Blake Parrott ', 'Sales Development Manager_Digistorm ...'], ['Heather Venz ', 'Marketing Manager_Digistorm'], ['Timothy Bassett ', 'Senior Project Manager_Digistorm'], ['Greg Keenes ', 'Client Success Manager_Digistorm'], ['Gustavo Morao ', 'Lead Developer_Digistorm']]",https://www.crunchbase.com/organization/digistorm
5eb64f4ea0549166c51ca057,www.dynamicwebtraining.com.au/,https://www.dynamicwebtraining.com.au/,Dynamic Web Training Pty Ltd.,"[['ANDREW PREECE', 'Director'], ['BILL CHEN', 'Director'], ['MICHELLE MILLY LEE', 'Director'], ['AIMO OSMO JUHANI AHO', 'Director']]",None,None,None,"[['ANDREW PREECE', 'Director'], ['BILL CHEN', 'Director'], ['MICHELLE MILLY LEE', 'Director'], ['AIMO OSMO JUHANI AHO', 'Director']]",None,"['Russell Francis', 'CEO']",None,"[['Jay Mooney ', 'Dynamic Web Training Pty Ltd_LinkedIn'], ['Tom Atkins ', 'Dynamic Web Training Pty Ltd_LinkedIn'], ['Luke Kayani ', 'Dynamic Web Training Pty Ltd_LinkedIn'], ['Shaun Moss ', 'Trainer_Dynamic Web Training Pty Ltd'], ['Shaun Moss ', 'West End_ Queensland_ Australia ..._LinkedIn'], ['Alice H. ', 'Trainer/Web & eLearning Producer_Web ...'], ['Sharon Evans ', 'Web & UX Designer_Velvet Web ...']]",https://www.crunchbase.com/organization/dynamic-web-training-pty-ltd
5eb650acab06d680d6990351,edflix.com.au/,https://www.crunchbase.com/organization/edflix,EDflix,"['Easy Tech ', 'Director_Edflix']",None,None,None,None,None,None,None,"[['Easy Tech ', 'Director_Edflix'], ['Jasvir Boparoy ', 'Penultimate Year Civil ..._LinkedIn'], ['Tiernan Christensen ', 'Associate_Allens']]",https://www.crunchbase.com/organization/edflix
5eb651bc5fa088c453991725,edpotential.com/,https://www.edpotential.com/,EdPotential,"['Alan Joyce', 'CEO']",None,"['Alan Joyce', 'CEO']",None,"[['Geoffrey Arthur TODD', 'Director'], ['Sunil Mansooklal VATHER', 'Director'], ['Colin Andrew HOGG', 'Director']]","[['NZ INNOVATION GP LIMITED', ' partner']]",None,None,"[['Charlie Tomlinson ', 'CEO_EdPotential'], ['John Walley ', 'Director_Fluent Scientific'], ['Chloe Wilson ', 'Marketing and Business Executive ..._LinkedIn']]"
5eb652de55de509b4a9efaf4,http://edquire.com/edquire/,https://edquire.com/,Edquire,"['Marie Maakaroun ', 'Regional Sales Manager ..._LinkedIn']",None,None,None,None,None,None,None,"[['Marie Maakaroun ', 'Regional Sales Manager ..._LinkedIn'], ['Azaz S. ', 'Online Technology Manager_edQuire ...']]",https://www.crunchbase.com/organization/edquire
5eb65433af5bcc3efe32c504,http://www.edval.com.au,https://www.edval.education/,Edval,"[' Dr Tim Cooper', 'founder(s)']",None,None,"[' Dr Tim Cooper', 'founder(s)']",None,None,None,None,"[['Makoto Ishijima ', 'Software Development Manager ..._LinkedIn'], ['Brad Vartha ', 'General Manager_Edval Timetables'], ['Michael Emmanuel ', 'Managing Director_Edval Timetables ...'], ['Claire Borys ', 'State Manager: NSW and ACT ..._LinkedIn'], ['Dani Perrott ', 'Edval Timetables_LinkedIn'], ['Mengti Sun ', 'Front_end Developer']]",https://www.crunchbase.com/organization/edval-timetables
5eb6556c29c37695bc97bec4,emarkingassistant.com/,http://emarkingassistant.com/,eMarking Assistant,"['Peter Evans ', 'Educational Technology Specialist ..._LinkedIn']",None,None,None,None,None,None,None,"[['Peter Evans ', 'Educational Technology Specialist ..._LinkedIn']]",https://www.crunchbase.com/organization/emarking-assistant
5eb6567909d0de1b6b708cf8,www.equ.com.au/,https://equ.com.au/,Equilibrium,"[""David O'Donnell"", 'Digital Marketing Director']","[""David O'Donnell"", 'Digital Marketing Director']","['Warren Gibbs', 'Managing_Director']",None,None,None,None,None,"[['Robert Douglas ', 'Trainee Client Manager_Equilibrium AM ...'], ['Paulina Zurawska ', 'Human Resources Manager_Equilibrium ...'], ['Alana Norris ', 'IT Solutions Manager_Equilibrium IT ...'], ['Rosie Bailey DipPFS ', 'Client Manager_Equilibrium ...'], ['Michael Wild ', 'Owner/Manager_Equilibrium'], ['Equilibrium hiring Account Manager ', 'Digital in ..._LinkedIn']]",https://www.crunchbase.com/organization/equilibrium-2
5eb657e754ee9cbe1a7388c8,essayassignmenthelp.com.au/,https://essayassignmenthelp.com.au/,Essay Assignment Help,['None'],None,None,None,None,None,None,None,None,https://www.crunchbase.com/organization/essay-assignment-help-7c19
5eb65942b46918d079adebe9,fitzroyacademy.com/,https://fitzroyacademy.com/,Fitzroy Academy,"['Will Dayble', 'Founder']","['Will Dayble', 'Founder']","['Will Dayble', 'founder']",None,"[['CARMEL DIVITARIS', 'Director'], ['PAUL DIVITARIS', 'Director'], ['PAUL DIVITARIS', 'Secretary']]",None,None,None,None,https://www.crunchbase.com/organization/fitzroy-academy
5eb65a927cb5b3a1ff4ae362,www.fluidlearning.com.au,https://www.fluidlearning.com.au/,Fluid Learning Courses Brisbane,"['Anthony Taylor - Chief', 'CEO']",None,"['Anthony Taylor - Chief', 'CEO']",None,"[['JOHN SMITH', 'Director'], [""MICHAEL ANTHONY O'SULLIVAN"", 'Director'], ['LINDI ANNE DEGUARA', 'Secretary']]",None,"['Emma Lancaster', 'CEO']",None,"[['James Bolton ', 'Facilitator_Fluid Training Co'], ['Matthew S. ', 'Fluid training_Brisbane_ Australia'], ['Ian Atkin ', '_'], ['Christine Lindsey ', 'Training Manager_ Australia and ..._LinkedIn'], ['Mike Wallace ', 'CEO_Site Skills Training'], ['Francis Yeung ', 'Event Coordinator_Liquid Learning'], ['Lauren Cowburn ', 'TAFE Queensland Brisbane_LinkedIn'], ['Christian Wood ', 'General Manager and Senior ..._LinkedIn']]",https://www.crunchbase.com/organization/fluid-learning-courses-brisbane
5eb65b645417d406270e7e63,foundr.com/,https://foundr.com/,Foundr Magazine,"['Nathan Chan', 'CEO & Publisher']","['Nathan Chan', 'CEO & Publisher']","['Nathan Chan', 'CEO']","[' Nathan Chan', 'founder(s)']",None,None,"['John Allan', 'CEO']",None,None,https://www.crunchbase.com/organization/foundr-magazine
5eb65d83728ad01002b3a5f6,www.funnelback.com,https://www.funnelback.com/home,Funnelback,"['Brett Matson', 'Managing Director']","['Brett Matson', 'Managing Director']","['Brett Matson -', 'Managing_Director']",None,"[['STEPHEN MICHAEL BARKER', 'Director'], ['JOHN-PAUL SYRIATOWICZ', 'Director'], ['BRETT MATSON', 'Director'], ['BRETT MATSON', 'Secretary']]",None,"['John Paul Syriatowicz', 'CEO']",None,"[['Brett Matson ', 'Managing Director_Funnelback'], ['Ben Pottier ', 'Head of Technology_Funnelback'], ['Jesse Swingle ', 'Global Marketing Director_Funnelback ...'], ['Natalie Grech ', 'APAC Marketing Manager_Funnelback ...'], ['Amy Kube ', 'EMEA Channel Manager_Funnelback'], ['Ellen Woszatka ', 'Account Manager_Funnelback'], ['Matthew Sheppard ', 'Manager_ Research and ..._LinkedIn'], ['Samantha Gilbert ', 'Product Manager_Funnelback']]",https://www.crunchbase.com/organization/funnelback-uk
5eb65f2cde8cab37cd68dffd,www.navitas.com/,https://www.navitas.com/,Navitas,"['Rod Jones', 'Chief Executive']","['Rod Jones', 'Chief Executive']",None,"[' Peter Larsen', 'founder(s)']","[['LEANNE MARGARET KARAMFILES', 'Auditor'], ['TERENCE JAMES BOWEN', 'Director'], ['BENJAMIN CAMERON GRAY', 'Director'], ['RODNEY MALCOLM JONES', 'Director']]","[['John Richard Durward MANKTELOW', ' director']]","['Emma Lancaster', 'CEO']",None,"[['Novelle Spragg ', 'Regional Manager_Navitas'], ['Morwenna Shahani ', 'Executive General Manager_Navitas ...'], ['Randy De Guzman ', 'Commercial Finance Manager_Navitas ...'], ['Steven PAULL ', 'IT Support Manager WA_Navitas'], ['Chris Ortiz ', 'Senior Project Manager_Navitas']]",https://www.crunchbase.com/organization/navitas-3
5eb6603b6e69c6f2e1092cf8,gotoassignmenthelp austraila,https://www.gotoassignmenthelp.com/,gotoassignmenthelp austraila,"['David Taylor ', 'GotoAssignmentHelp_LinkedIn']",None,None,None,None,None,None,None,"[['David Taylor ', 'GotoAssignmentHelp_LinkedIn'], ['Oliver Smith ', 'Writer_GoToAssignmentHelp'], ['jenny thomas ', 'Coordinator_GotoAssignmentHelp'], ['Amyra Lyall ', 'Content Writer_GotoAssignmentHelp'], ['Daisy Smith ', 'Writing Specialist_Gotoassignmenthelp'], ['Hans Perera ', 'Release Manager/ Senior Project ..._LinkedIn'], ['Jason McCubbin ', 'Director_Next Gen Plumbing ...']]",https://www.crunchbase.com/organization/gotoassignmenthelp
5eb661a6796445df9bfd756d,www.governanceinstitute.com.au,https://web.governanceinstitute.com.au/home/,Governance Institute of Australia,"['Peter Turnbull', 'Director']","['Peter Turnbull', 'Director']","['MEGAN MOTTO', 'CEO']",None,"[['PETER JOHN TURNBULL', 'Director'], ['WENDY VIOLA WILLS', 'Director'], ['JOHN JULIAN WILLIAMSON', 'Director'], ['JOHN PAUL MAZENGARB', 'Director']]",None,"['John Brogden', 'CEO']",None,"[['Catherine Maxwell ', 'General Manager_ Policy and ..._LinkedIn'], ['Jade Laverty ', 'Governance Institute of Australia_LinkedIn'], ['Alison Green ', 'Publishing Manager_Governance ...'], ['Jack Rosagro ', 'State Manager WA_Governance ...'], ['Andrew Hollier ', 'Governance Institute of Australia ..._LinkedIn'], ['Rebecca Whiteman ', 'Account Manager ..._LinkedIn'], ['Leon Cox ', 'GM Membership and VIC State Manager_LinkedIn'], ['Meegan George ', 'Governance Institute of Australia_LinkedIn']]",https://www.crunchbase.com/organization/governance-institute-of-australia
5eb6631b245b7e033d0f92ed,www.gradchat.com,http://www.gradchat.com/,Gradchat,"['Grad Chat', 'Owner']","['Grad Chat', 'Owner']","['Rachna Muddagouni', 'CEO']","[' Amrit Rupasinghe', 'founder(s)']",None,None,None,None,None,https://www.crunchbase.com/organization/gradchat
5eb66401b0e60a643fae0467,www.gradconnection.com/,http://www.gradconnection.com/,Gradconnection,"['Duncan William MILNE', ' director']",None,None,None,None,"[['Duncan William MILNE', ' director']]","['Andrew Bassat', 'CEO']",None,"[['Mike Casey ', 'Founder and Director_GradConnection'], ['Jialin (Tony) Ye ', 'Director_GradConnection'], ['Daniel Purchas ', 'Director_Gradconnection Ltd'], ['Anthony Peixoto ', 'Business Development Manager ..._LinkedIn'], ['Isabel Wilkinson ', 'Human Resources Specialist ..._LinkedIn'], ['Alexandra Tyrrell ', 'National Account Manager ..._LinkedIn'], ['Rogan Sturrock ', 'National Account Manager ..._LinkedIn'], ['Aaron Wong ', 'National Account Manager_GradConnection ...'], ['Samantha Drysdale ', 'HR Manager_GradConnection']]",https://www.crunchbase.com/organization/gradconnection
5eb6651284c93e9e1b685024,www.growingup.co.nz/,http://www.growingup.co.nz/en.html,Growing Up in New Zealand,"[['CARTER PEARCE', 'Chief Executive Officer'], ['Carter Benjamin PEARCE', 'Director']]",None,None,None,"[['CARTER PEARCE', 'Chief Executive Officer'], ['Carter Benjamin PEARCE', 'Director']]","[['Christopher Charles GREEN', ' director']]","['Greg Foran', 'CEO']",None,"[['Annette Gohns ', 'General Manager_Growing Up in ...'], ['Avinesh Pillai ', 'Data Analytics Manager_Growing ...'], ['Susan Morton ', 'Director_ Growing Up in New Zealand_LinkedIn'], ['Caroline Walker ', 'Research Fellow_ Growing Up in ..._LinkedIn']]",https://www.crunchbase.com/organization/growing-up-in-new-zealand
5eb66682dc99a524418da337,www.guiix.com,https://www.crunchbase.com/organization/guiix,Guiix,"[['HENRY DAVID LARKIN', 'Chief Executive Officer'], ['HENRY DAVID LARKIN', 'Director'], ['HENRY DAVID LARKIN', 'Secretary']]",None,None,None,"[['HENRY DAVID LARKIN', 'Chief Executive Officer'], ['HENRY DAVID LARKIN', 'Director'], ['HENRY DAVID LARKIN', 'Secretary']]",None,None,None,None,https://www.crunchbase.com/organization/guiix
5eb667a554cc6bc47dbfea44,www.heropa.com,https://www.heropa.com/,Heropa,"['Jason Kinsella', 'Managing_Director']",None,"['Jason Kinsella', 'Managing_Director']",None,None,None,"['Ben Thompson', 'CEO']",None,"[['Jason Kinsella ', 'Managing Director_Heropa']]",https://www.crunchbase.com/organization/heropa
5eb6688cf9acda3a876322e4,www.humanedge.biz/,https://www.humanedge.biz/,Human Edge Software Corp,['None'],None,None,None,None,None,None,None,None,https://www.crunchbase.com/organization/human-edge-software-corp
5eb669883e6dc49bd6f1540f,www.ignia.com.au/,http://ignia.com.au/,Ignia,"['Zaun Bhana', 'CEO']",None,None,None,None,None,"['Zaun Bhana', 'CEO']",None,"[['Michael Chu ', 'Co_Founder & Managing Director'], ['Alvaro Rodriguez Arregui ', 'IGNIA Partners_ LLC_LinkedIn'], ['Jeremy Caney ', 'Owner_ Director of Product ..._LinkedIn'], ['Laura Holley ', 'Global Business Manager ..._LinkedIn'], ['Otto Graff ', 'Partner_IGNIA Partners']]",https://www.crunchbase.com/organization/ignia-2
5eb66a9b90f9dd06f1107866,www.inkerz.com/,https://www.inkerz.com/,Inkerz,"[' Masoud Douzan, Vahid Kolahdouzan', 'founder(s)']",None,None,"[' Masoud Douzan, Vahid Kolahdouzan', 'founder(s)']",None,"[['David Stanley Hendrick GEURTS', ' director']]",None,None,"[['Vahid Kolahdouzan ', 'JIBB (Formerly known as Inkerz)_LinkedIn'], ['Vahid Kolahdouzan ', 'Co_Founder'], ['Amir Azizi ', 'Business Development Manager_Inkerz'], ['James Street ', 'VP Global Partnerships and Growth ..._LinkedIn'], ['Ian Davis ', 'Senior Venture Architect_Fusion Labs'], ['Vincent CHEN ', 'Software Engineer_Inkerz'], ['sagar vekariya ', 'Software Development Intern_Inkerz'], ['Masoud Douzan ', 'CEO_JIBB'], ['Zhang Zhou (Ryan) ', 'Front End Developer_Inkerz']]",https://www.crunchbase.com/organization/inkerz
5eb66bb449a0728d932475bc,jiangren.com.au,https://jiangren.com.au/,JR Academy,"['Lightman Wang', 'Founder & CEO']","['Lightman Wang', 'Founder & CEO']","['Lightman Wang', 'CEO']",None,None,None,None,None,"[['Angela HAN ', 'General Manager_JR Academy'], ['Angela HAN ', 'General Manager_JR Academy'], ['Cipriano Gutierrez Jr ', 'Academy Manager_Walmart'], ['Xi Wang ', 'HR Manager_JR Academy'], ['Erick Qu ', 'HR Manager_匠人学院'], ['Brenda Stokes ', 'Early Childhood Director_Ramah ...'], ['Vito Salatino Jr ', 'Academy Training Manager_ North ..._LinkedIn'], ['Sean Lee ', 'Frontend Web Developer_JR Academy'], ['Guangyu Liu ', 'JR Academy_LinkedIn']]",https://www.crunchbase.com/organization/jr-academy
5eb66ce4535d821544a14dee,www.kindersay.com,http://kindersay.com/,Kindersay,"['Victor Slivinskiy ', 'Frontend Architect_Youwe']",None,None,None,None,None,None,None,"[['Victor Slivinskiy ', 'Frontend Architect_Youwe'], ['Victor Slivinskiy ', 'Frontend Architect_Youwe']]",https://www.crunchbase.com/organization/kindersay
5eb66dabf3d5b58ef16a4c74,www.ltt.com.au,https://www.ltt.com.au/,LabTech Training,"['Mark Olson ', 'SA State Manager_LabTech Training']",None,None,None,None,None,None,None,"[['Mark Olson ', 'SA State Manager_LabTech Training'], ['Rob Bowden ', 'LabTech Training_LinkedIn'], ['Rae Wilson ', 'State Manager_LabTech Training'], ['Ben Lunn ', 'Business Development Manager_LTT ...'], ['LTT ', 'RTO 51621 and LTTV_RTO 22545'], ['Jason Allen ', 'General Manager_Institute of ...'], ['Sandra Tran ', 'Operations Manager NSW at LTT ..._LinkedIn'], ['Tatiana Vieira Rezende ', 'Brisbane_ Australia ..._LinkedIn'], ['Michael Tubby ', 'Trainer and Assessor_First Choice ...'], ['LTT ', 'RTO 51621 and LTTV_RTO 22545']]",https://www.crunchbase.com/organization/labtech-training
5eb66e99e95b7d86f2518828,learnable.com/,https://www.learnable.com/,Learnable,"['Renato Mota', 'CEO']",None,"['Renato Mota', 'CEO']",None,None,None,None,None,None,https://www.crunchbase.com/organization/learnable
5eb66fa738555190120005d2,https://www.literatu.com/,https://www.literatu.com/,Literatu Pty Limited,"['Mark Stanley', 'Managing_Director']",None,"['Mark Stanley', 'Managing_Director']",None,None,None,None,None,"[['Mark Stanley ', 'Managing Director_Literatu'], ['Mark Stanley ', 'Managing Director_Literatu'], ['Mark Stanley ', 'CEO_Literatu Pty Limited'], ['Daniel Hill ', 'Innovation & Growth Lead_TFE Solutions'], ['Tom March ', 'Owner_ Principal Consultant ..._LinkedIn'], ['Jack Cheng ', 'Senior Developer_Literatu'], ['Shaji Nair ', 'Cofounder and Chief Executive Officer ..._LinkedIn']]",https://www.crunchbase.com/organization/literatu
5eb670c2382a70cea3c90149,www.livewebtutors.com/,https://www.livewebtutors.com/,LiveWebTutors,"[' Shailendra Pathak', 'founder(s)']",None,None,"[' Shailendra Pathak', 'founder(s)']",None,None,"['Johana Sanint', 'CEO']",None,None,https://www.crunchbase.com/organization/livewebtutors
5eb672382cf60f5b673dc845,www.logitrain.com.au,https://www.logitrain.com.au/,Logitrain,"['Murad Tanvir ', 'IT Manager_Logitrain']",None,None,None,None,None,None,None,"[['Murad Tanvir ', 'IT Manager_Logitrain'], ['Faiza Khan ', 'Manager: Sales and Recruitment_Logitrain ...'], ['rita salloum ', 'IT Trainer_Logitrain'], ['Preet Kaur ', 'Logitrain_LinkedIn']]",https://www.crunchbase.com/organization/logitrain
5eb6734f61272a1489607d7c,www.managementtutors.com/,https://www.managementtutors.com/,Management Tutors,"['Mohan Dhall', 'CEO']",None,"['Mohan Dhall', 'CEO']",None,None,None,"['Mandy Ginsberg', 'CEO']",None,"[['Karen Wilson ', 'Management Tutors_LinkedIn'], ['Karen Wilson ', 'Management Tutors_LinkedIn'], ['Karen Wilson ', 'Management Tutors_LinkedIn'], ['David Malthouse ', 'Managing Director_First Intuition'], ['Karen Wilson ', 'Management Tutors_LinkedIn'], ['David Malthouse ', 'Managing Director_First Intuition'], ['Karen Wilson ', 'Management Tutors_LinkedIn']]",https://www.crunchbase.com/organization/management-tutors
5eb6746b3f8078c646a32068,www.mathsrepublic.com.au,https://www.mathsrepublic.com.au/,MathsRepublic,"['Alan Power ', 'Managing Director_MathsRepublic ...']",None,None,None,None,None,None,None,"[['Alan Power ', 'Managing Director_MathsRepublic ...'], ['alan power ', 'Managing Director_MyMaths'], ['Alan Power ', 'Investor Relations Associate_.']]",https://www.crunchbase.com/organization/mathsrepublic
5eb675384beae11731a0ce35,me3d.com.au/,https://me3d.com.au/,Me3D,"['Leanne Connelly', 'CEO']",None,"['Leanne Connelly', 'CEO']",None,None,None,"['Craig Howe', 'CEO']",None,"[['Leanne Connelly ', 'Chief Executive Officer_Me3D ...'], ['Jason Egan ', 'Manager of Sales_Me3D Pty Ltd'], ['Sam Dusbabek ', 'General Manager_ME3D'], ['David Myers ', 'Non Executive Director_Me3D'], ['Alex Fordyce ', 'Customer Success Manager_Me3D ...'], ['Matthew Connelly ', 'Chief Growth Officer_Me3D Pty ...'], ['Fletcher Thompson ', 'Me3D Pty Ltd_LinkedIn'], ['Matt Griffiths ', 'Me3D_LinkedIn'], ['Balazs Gasz ', 'CEO_YourAnastomosis']]",https://www.crunchbase.com/organization/me3d
5eb676209d0d155a1c6530f3,www.3dorganon.com/,https://www.3dorganon.com/,Medis Media,"[' Athanasios Raikos', 'founder(s)']",None,None,"[' Athanasios Raikos', 'founder(s)']",None,None,"['Antonio Dos Santos', 'CEO']",None,"[['Athanasios Raikos ', 'Assistant Professor of Anatomy ..._LinkedIn'], ['Ana Casic ', 'Media Relations Coordinator ..._LinkedIn'], ['Georgie Mitchell ', 'Student_Bond University'], ['Gary Hamlin ', 'Associate Dean Student Affairs ..._LinkedIn']]",https://www.crunchbase.com/organization/medis-media
5eb6777b140e783b3524f4d9,millipede.com.au,https://millipede.com.au/,Milliped,"['Wil Monte', 'Founder, Managing Director']","['Wil Monte', 'Founder, Managing Director']","['Wil Monte - Founder', 'founder']",None,None,None,None,None,"[['Yonatan Feldman ', 'Chief Technology Officer ..._LinkedIn'], ['christopher nagy ', 'Director of Research and ..._LinkedIn']]",https://www.crunchbase.com/organization/milliped
5eb6783b3dd775bea489b02d,www.minded.co.nz,https://www.minded.co.nz/,Minded,"['Robyn Hunter', 'CEO']",None,"['Robyn Hunter', 'CEO']",None,"[['Shayne Patrick HODGE', 'Director']]","[['James Tavita WOLLERMAN', ' director']]",None,None,"[['Thor Mitchell ', 'Product Minded_LinkedIn'], ['Jack Riordan ', 'Sr. Account Manager_Master Minded ...'], ['David Robson ', 'Marketing Manager_Like'], ['Jason Camp ', 'Web Manager_Mission Minded'], ['Hanna Castrén', 'Niemi_Commercial & creativity'], ['Josep Amoros ', 'Data Minded Manager_BBVA Data ...']]",https://www.crunchbase.com/organization/women-s-agenda
5eb67952c38498d75c86627f,www.modernstar.com/,https://www.modernstar.com/,Modern Star,"['Peter Boyd', 'Group CEO']","['Peter Boyd', 'Group CEO']","['Peter Boyd - Group', 'CEO']",None,"[['ROBERT JOHN DAVIS', 'Director'], ['JAMES BARKLEY CRADDOCK', 'Director'], ['PETER JOHN BOYD', 'Director'], ['ROBERT JOHN DAVIS', 'Secretary']]",None,None,None,"[['Peter Boyd ', 'Group CEO_Modern Star'], ['Janet Cutler ', 'General Manager_Modern Star'], ['Chantelle Cornick ', 'Customer Service Manager_Modern Star ...'], ['Phil Machin ', 'Customer Service Manager_Modern Star ...'], ['Matthew Arecco ', 'Modern Star_LinkedIn'], ['Michelle Kelly ', 'General Manager_ Education_Modern Star ...'], ['Matthew Brown ', 'General Manager_Modern Star'], ['Praveen Chananna ', 'Finance Manager_Modern Star'], ['Merve Tekin ', 'Brand Manager_Modern Star']]",https://www.crunchbase.com/organization/modern-star
5eb67a4c109ddab70aec7b2d,www.motivationalspeakeradelaide.com.au/,https://www.motivationalspeakeradelaide.com.au/,Motivational Speaker Adelaide,"['Angela Schelp', 'CEO']",None,None,None,None,None,"['Angela Schelp', 'CEO']",None,"[['motivational speaker Adelaide ', 'Speaker_Resultz ...']]",https://www.crunchbase.com/organization/motivational-speaker-adelaide
5eb67bc12373d9a910e8750f,www.myassignmentservices.com,https://www.myassignmentservices.com/,My Assignment Services,"['Julia Miles ', 'IT expert_Freelancer']",None,None,None,None,None,None,None,"[['Julia Miles ', 'IT expert_Freelancer'], ['Mark Philip ', 'Assignment writer ..._LinkedIn'], ['Jennifer Smith ', 'Online Branding Manager ..._LinkedIn']]",https://www.crunchbase.com/organization/my-assignment-services
5eb67d3dd9818bcd44884d39,myfocusbook.com.au,https://www.crunchbase.com/organization/my-focusbook,My Focusbook,['None'],None,None,None,None,None,None,None,None,https://www.crunchbase.com/organization/my-focusbook
5eb67e66b7921dcf1c2e6805,www.mygeniusmind.com/,https://www.mygeniusmind.com/,My Genius Mind,"['Robyn Hunter', 'CEO']",None,"['Robyn Hunter', 'CEO']",None,None,None,None,None,None,https://www.crunchbase.com/organization/my-genius-mind
5eb67fa821374c1c36ea76bb,www.myassignmenthelp.net/,https://www.myassignmenthelp.net/,MyAssignmentHelp.net,"['julia ray ', 'www.myassignmenthelp.net_LinkedIn']",None,None,None,None,None,None,None,"[['julia ray ', 'www.myassignmenthelp.net_LinkedIn']]",https://www.crunchbase.com/organization/myassignmenthelp-net
5eb680d98c70c48229cd26b6,myassignmenthelpaustralia.com.au/,https://myassignmenthelpaustralia.com.au/,myassignmenthelpaustralia,['None'],None,None,None,None,None,None,None,None,https://www.crunchbase.com/organization/myassignmenthelpaustralia
5eb6820dcc1fecfea5009f48,myndlyte.com/,https://www.crunchbase.com/organization/myndlyte,MyndLyte,"[' Dave Spicer, Samir Bhana', 'founder(s)']",None,None,"[' Dave Spicer, Samir Bhana', 'founder(s)']",None,None,None,None,"[['Olivia Jackson ', 'Fortitude Valley BC_ Queensland ..._LinkedIn'], ['Samir Bhana ', 'Founder_Pickmee'], ['Gemma Boase ', 'Category Manager_OneHarvest'], ['Anu Cuckemane Ravindranath ', 'Software Engineer ..._LinkedIn'], ['Timothy Widawski ', 'Customer Experience ..._LinkedIn'], ['Khwezi Nkwanyana ', 'Broadcaster_Radio4EB'], ['Henry Baulch ', 'Graphic Designer_Wilson Fishing'], ['Pedro Veloso ', 'Senior Software Engineer (Leading ..._LinkedIn']]",https://www.crunchbase.com/organization/myndlyte
5eb682ecd810c81378eb806d,nationalmusicacademy.com.au/,https://www.nationalmusicacademy.com.au/,National Music Academy,"['Gianni Michelini', 'Founder & CEO']","['Gianni Michelini', 'Founder & CEO']","['Paul Saintilan', 'CEO']",None,None,None,"['Tanuja Gomes', 'CEO']",None,"[['Zainab Ali ', 'Marketing Manager_National Music Academy ...'], ['Rachel Maria Cox ', 'Assistant Manager_National ...'], ['National Music Academy Pakistan ', 'Instructor of ..._LinkedIn'], ['Borislava Taneva ', 'National music academy Sofia_LinkedIn'], ['National Music Academy Pakistan ', 'Instructor of ..._LinkedIn'], ['Brooke Lidbury ', 'Vocal Coach_National Music Academy ...'], ['Philip Pogson FAICD ', 'Director_Richard Gill ...'], ['Gianni Michelini ', 'Managing Director_Studios 301'], ['Emad Rashad ', 'National Music Academy_LinkedIn']]",https://www.crunchbase.com/organization/national-music-academy
5eb68405b8f3f1e1b3084a52,nativetongue.com,http://www.nativetongue.com/,Native Tongue,"['Chris Gough', 'Managing_Director']",None,"['Chris Gough', 'Managing_Director']","[' James Drucza, Kym Huynh, Matthew Ho', 'founder(s)']","[['CHELSEA JADE GOUGH', 'Director'], ['JAIME AVION GOUGH', 'Director'], ['CHRISTOPHER REX GOUGH', 'Director'], ['CHRISTOPHER REX GOUGH', 'Secretary']]","[['William CHUNG', ' director']]",None,None,"[['Jaime Gough ', 'Managing Director_Native Tongue ...'], ['Jesse Ruiz ', 'Director_Native Tongue ...'], ['Chris Gough ', 'Founder_Native Tongue Music ...'], ['Marissa Nance ', 'Founder and CEO_Native Tongue ...'], ['David Nash ', 'Native Tongue Music Publishing Pty Ltd_LinkedIn'], ['Kate Mills ', 'Head of Licensing_Native Tongue ...'], ['Matt Tanner ', 'Native Tongue Music Publishing Pty Ltd_LinkedIn'], ['Chelsea Gough ', 'Head Of Finance And ..._LinkedIn'], ['Paul McLaney ', 'Writer Relations Manager_NZ ...']]",https://www.crunchbase.com/organization/native-tongue
5eb6853a626f824ef428e315,www.netspot.com.au,https://www.netspotapp.com/,NetSpot,"['Minyar Gadaldinho ', 'Manager_Netspot Technologies']",None,None,None,None,None,None,None,"[['Minyar Gadaldinho ', 'Manager_Netspot Technologies'], ['Kate Lysevych ', 'Product Manager_Etwok LLC'], ['Alex Millard ', 'NETSPOT Account Manager_ West ..._LinkedIn'], ['Philip Marriott ', 'Project Manager_NetSpot Pty Ltd'], ['Beth Longton ', 'NETSPOT_Account Manager_ East ...'], ['Allan Christie ', 'Professional Experience Collector ..._LinkedIn'], ['Ryan Brown ', 'Marketing_NetSpot'], ['Josh Carroll ', 'Oncology Market Access Manager ..._LinkedIn'], ['Abayomi Okemakinde ', 'Managing Owner_NetSpot ...'], ['Rebecca Andary ', 'Teacher_Pedare Christian College']]",https://www.crunchbase.com/organization/netspot
5eb688a782ee2ac4699515f2,www.newcomb.co.nz/,https://www.newcomb.co.nz/portfolio-category/print-design/,Newcomb Digital,"['Christopher Antony DAWES', ' director']",None,None,None,None,"[['Christopher Antony DAWES', ' director']]",None,None,"[['Kelly Newcomb ', 'Digital Marketing Specialist ..._LinkedIn'], ['Mark Newcomb ', 'Boss man_Retired'], ['MIKE SPARKE ', 'Sales Manager_Neville Newcomb'], ['Crista Newcomb ', 'Digital Marketing and ..._LinkedIn'], ['Steven Kemp ', 'Managing Director_Jenrite NZ Limited'], ['Stephanie Newcomb ', 'Digital Marketing Content ..._LinkedIn'], ['Randall Newcomb ', 'Digital Marketing Consultant ..._LinkedIn'], ['Fred Soar ', 'Managing Director_Soar Print']]",https://www.crunchbase.com/organization/newcomb-digital
5eb689814e048265dd507dbc,www.omnium.net.au,http://www.omnium.net.au/,Omnium,"[' Rick Bennett', 'founder(s)']",None,None,"[' Rick Bennett', 'founder(s)']",None,None,None,None,"[['Médhi LOTHODE ', 'Industrial Programs Manager ..._LinkedIn'], ['Thibault Maertens ', 'Plastic Omnium_LinkedIn'], ['Siva Sampath ', 'Project & Sales Manager_Plastic Omnium ...'], ['Phil Townsend ', 'Manufacturing Project Manager ..._LinkedIn'], ['Yves Teplik ', 'Manufacturing Engineering Manager ..._LinkedIn'], ['Curtis Shaw ', 'Manufacturing Manager_Plastic Omnium ...'], ['Isabel Astorga ', 'Logistics Manager_Plastic Omnium'], ['Daniel Kovacs ', 'Program Purchasing Manager ..._LinkedIn'], ['Richard Taylor ', 'Supply Chain Manager_Plastic Omnium ...'], ['Nicolas Francois ', 'UK Operations Director_Plastic Omnium ...']]",https://www.crunchbase.com/organization/omnium
5eb68a771a268ae85ef97960,openlearning.com,https://www.openlearning.com/,OpenLearning,"['Adam Brimo', 'CEO']",None,"['Adam Brimo', 'CEO']","[' Adam Brimo, David Collien, Richard Buckland', 'founder(s)']",None,None,"['Adam Brimo', 'CEO']",None,"[['Adam Brimo ', 'OpenLearning Limited (ASX:OLL)_LinkedIn'], ['Sophea Seng ', 'Senior Operations Manager_OpenLearning ...'], ['Margo Griffith ', 'Partnerships Manager_OpenLearning Global ...'], ['David Collien ', 'CTO_OpenLearning.com'], ['Sarveen Kandiah ', 'Managing Director_ Malaysia ..._LinkedIn'], ['Kaolin McEvoy ', 'Product Manager_OpenLearning ...'], ['Cherie Diaz ', 'Managing Director Australia_OpenLearning ...'], ['Robert Vick ', 'Business Development Manager ..._LinkedIn'], ['Le Trinh (Kate) ', 'Product Manager_OpenLearning ...']]",https://www.crunchbase.com/organization/open-learning
5eb68b52298db2bd4cebdd0e,openstem.com.au/,https://openstem.com.au/programs,OpenSTEM Pty Ltd,"[' Arjen Lentz, Claire Reeler', 'founder(s)']",None,None,"[' Arjen Lentz, Claire Reeler', 'founder(s)']",None,None,None,None,"[['Arjen Lentz ', 'Chief Information Security Officer ..._LinkedIn']]",https://www.crunchbase.com/organization/openstem
5eb68c65501e64174bede873,www.paddl.com,https://www.paddl.com/,Paddl Co.,"['Dominique Fisher', 'Co-Founder | CEO']","['Dominique Fisher', 'Co-Founder | CEO']","['Dominique Fisher - Co', 'CEO']","[' Dominique Fisher, John Collins', 'founder(s)']",None,None,"['Michale S. Rose', 'CEO']",None,"[['Dominique Fisher ', 'Co_Founder'], ['Caitlin Pereira ', 'Cranbrook Schools_Melbourne ...'], ['Nicole Pogue ', 'VP Operations & Company ..._LinkedIn'], ['Jade Pearce ', 'Project Lead_Paddl Co.']]",https://www.crunchbase.com/organization/paddl
5eb68d458e708541f4671189,pallasals.com/,https://www.crunchbase.com/organization/pallas-als,Pallas ALS,"[' Michael Jacobson', 'founder(s)']",None,None,"[' Michael Jacobson', 'founder(s)']",None,None,"['Paul Scurrah', 'CEO']",None,"[['Lucas Klok ', 'Hoogezand_ Provincie Groningen ..._LinkedIn']]",https://www.crunchbase.com/organization/pallas-als
5eb68e2fab2ce0451e2b4056,programminghomeworktutors.com/index.php,https://programminghomeworktutors.com/,ProgrammingHomeworkTutors,"['Alan Joyce', 'CEO']",None,"['Alan Joyce', 'CEO']",None,None,None,None,None,None,https://www.crunchbase.com/organization/programminghomeworktutors
5eb68edce0b5b75b05fba1e6,www.prospereducation.com/,https://www.prospereducation.com/,Prosper Education,"['Martin Beeche', 'CEO']",None,"['Martin Beeche', 'CEO']","[' Martin Beeche', 'founder(s)']",None,None,"['Martin Beeche', 'CEO']",None,"[['Genevieve Gilmore ', 'Prosper Education Limited_LinkedIn'], ['David Scott ', 'Prosper Education Limited_LinkedIn'], ['Naved Saigal ', 'Chairman & Managing Director ..._LinkedIn'], ['Martin Beeche ', 'Advisor_Pilot Light Consulting'], ['Elizabeth Johnston ', 'Executive Director_Prosper Education ...'], ['Daniel Khoury ', 'Product Manager_Prosper Education Limited ...'], ['Prosper Overseas ', 'Naved Saigal_Prosper Overseas'], ['James L Guan ', 'Freelance Consultant_Zhizheng ...']]",https://www.crunchbase.com/organization/prosper-education
5eb690038f7f6e26b6253fd5,www.realfirstaid.com.au,http://www.realfirstaid.com.au/,Real First Aid,"['Shannon Anderson - Chief', 'CEO']",None,"['Shannon Anderson - Chief', 'CEO']",None,None,"[['David Ronald FLEMING', ' director']]",None,None,"[['Adam Gent ', 'Director_Real First Aid Ltd'], ['Jessica Ross ', 'Office Manager_Real First Aid'], ['Brett Marais ', 'Head of Tactical Medicine_Real ...'], ['Jock McGowan ', 'Chief Executive Officer ..._LinkedIn'], ['Tony Libregts ', 'CPR_First Aid Courses ...'], ['Louise Ansell ', 'Director_ Performance & Wellbeing ..._LinkedIn'], ['David Gray ', 'Manager_Grays Medic']]",https://www.crunchbase.com/organization/real-first-aid
5eb690bd8d99ac316303ffb6,rockmelon.com/,https://rockmelon.com/,Rockmelon,"['Alexander André de la Porte', 'Founder']","['Alexander André de la Porte', 'Founder']",None,"[' Alex Andre de la Porte, Nicole Rogerson, Stuart Waite', 'founder(s)']",None,"[['Michael William SCOTT', ' director']]",None,None,"[['Harsha Prateek ', 'Business head/partner_Rockmelon'], ['Michelle Lacey ', 'Commercial Director_Rockmelon'], ['Melanie Keys ', 'Owner and designer_Rockmelon xo'], ['Bhaskar Kumar ', 'Partner_RockMelon'], ['Stuart Waite ', 'Managing Partner_Exit Velocity'], ['Spreeha Rai ', 'Performance Media Manager_NMPi'], ['Icarus Lima ', 'Head of Technology & UX_Panthera ...'], ['Gary Donovan ', 'Lead Platform Engineer_Oovvuu'], ['Nicole Rogerson ', 'Director_Neurodevelopment ...']]",https://www.crunchbase.com/organization/rockmelon
5eb6918fa2e66438837c2d83,schoolofmusiconline.com/,https://m.youtube.com/user/schoolofmusiconline,School of Music Online,"[' Dave Spicer, Samir Bhana', 'founder(s)']",None,None,"[' Dave Spicer, Samir Bhana', 'founder(s)']",None,None,"['Taylor Robinson', 'CEO']",None,"[['Raj Mann ', 'Senior Technical Business Analyst ..._LinkedIn'], ['Xavier Motin ', 'Berklee School of Music Online ..._LinkedIn'], ['Raj Mann ', 'Senior Technical Business Analyst ..._LinkedIn'], ['Nicolas Musumeci ', 'Content Manager_FilmBunker'], ['Gigi Rich ', 'Berklee School of Music Online_Los ...'], ['Sonja Denda ', ""Research Assistant at the CAMD's ..._LinkedIn""], ['David Bendeth ', 'Music Producer_ Mixer_ Writer ..._LinkedIn'], ['Patricia Butler ', 'CEO_ArtistWorks Inc.'], ['Olivia Jackson ', 'Fortitude Valley BC_ Queensland ..._LinkedIn'], ['Mark Smith ', 'Marketing & Product General Manager ..._LinkedIn']]",https://www.crunchbase.com/organization/school-of-music-online
5eb6925a31a5f94e1207b916,www.schoolzine.com/,https://www.schoolzine.com/,Schoolzine,"['Phil Reardon', 'Founder & CEO']","['Phil Reardon', 'Founder & CEO']","['Phil Reardon', 'CEO']",None,"[['Philip REARDON', 'Director']]",None,None,None,"[['Nick Aitkin ', 'Operations Manager_Schoolzine'], ['Emily Halderthay ', 'Director_Schoolzine UK'], ['Phil Reardon ', 'Founder & CEO_Schoolzine'], ['Liane Crompton ', 'School Partnership Manager_Schoolzine ...'], ['\ufeffDion\ufeff\ufeff Guthrie\ufeff\ufeff ', 'CMO_Schoolzine'], ['Aimee Hutchinson ', 'Account Manager_Schoolzine'], ['Vicki Smith ', 'Advertising & Sales Account Manager ..._LinkedIn']]",https://www.crunchbase.com/organization/schoolzine
5eb6944565d7b2466379f198,www.secureassignmenthelp.com/,http://www.secureassignmenthelp.com/,Secure Assignment Help,"['Alyssa Patterson ', 'Writer_Secure Assignment Help']",None,None,None,None,None,None,None,"[['Alyssa Patterson ', 'Writer_Secure Assignment Help'], ['Ankita Das ', 'Senior Executive_Pinnacle Infotech']]",https://www.crunchbase.com/organization/secure-assignment-help
5eb694f59c10ae1d407b7c2a,www.skillsoz.com.au/,https://www.crunchbase.com/organization/skills-oz,Skills Oz,"['Bob Taylor - CEO', 'CEO']",None,"['Bob Taylor - CEO', 'CEO']",None,None,None,None,None,"[['Oz Jabur ', 'Head of Product and Innovation ..._LinkedIn'], ['Oz Yona ', 'Store Manager_Tommy Hilfiger'], ['Oz Pressler ', 'EW Projects Manager_Israeli Navy'], ['Oz Ardazi ', 'Security PS Manager_CA Technologies'], ['Oz Ben', 'David_Full Stack Developer'], ['Viviana Croker ', 'Project Officer_E'], ['Oz Tal ', 'Testing Engineering_Airspan Networks']]",https://www.crunchbase.com/organization/skills-oz
5eb695e1ffe996bbe09292fe,activebabiessmartkids.com.au,https://activebabiessmartkids.com.au/,Smart Kids Video,"['Greg Estell', 'CEO']",None,None,None,None,None,"['Greg Estell', 'CEO']",None,None,https://www.crunchbase.com/organization/smart-kids-video
5eb696f6ef36438bec383b7e,www.soccerbrain.com/,https://www.crunchbase.com/organization/soccerbrain,SoccerBrain,"[' Aron Day', 'founder(s)']",None,None,"[' Aron Day', 'founder(s)']",None,None,None,None,"[['Johnny Phillips ', 'Consultant_Soccerbrain Consulting'], ['Aron Day ', 'Founder_SoccerBrain'], ['Jade Irving ', 'Founder_Fighters Link'], ['Aron Day ', 'Director_daylight enterprises'], ['Paul Ryan ', 'Founder_Valaar'], ['Michael Jewitt ', 'Founder_Virtual Reality Rooms'], ['Alicia Axnick ', 'Marketing Manager_Platinum ...'], ['Julie Isbill ', 'Doctor_Anaesthetics Registrar']]",https://www.crunchbase.com/organization/soccerbrain
5eb697cac579ca076779cb0f,codelikeagirl.org/,https://codelikeagirl.org/,Code Like a Girl,"['Ally Watson', 'CEO']",None,"['Ally Watson', 'CEO']",None,None,None,None,None,"[['Vanessa Doake ', 'Melbourne_ Victoria_ Australia ..._LinkedIn'], ['Josephine Colson ', 'Code Like a Girl_LinkedIn']]",https://www.crunchbase.com/organization/code-like-a-girl
5eb698a46de98c90f95a497d,startupmelbourne.com,http://startupmelbourne.com/,Startup Melbourne,"['Richard Milne', 'Managing Director']","['Richard Milne', 'Managing Director']","['Alex McCauley - Chief', 'founder']",None,None,None,"['Adrian Stone', 'CEO']",None,"[['Chris Joannou ', 'Head of Marketing_Draper Startup ...'], ['Jake Johnson ', 'MAP18 Startup_Melbourne ...'], ['Leslie Barry ', 'Managing Director_Exponential ...'], ['Chris Joannou ', 'Global Startup Director_Startup ...'], ['Steve Hibberd ', 'Owner_Small Time Group'], ['Layla Foord ', 'VP Product_GO1'], ['Laura Acklandiene ', 'GM Business Development ..._LinkedIn']]",https://www.crunchbase.com/organization/startup-melbourne
5eb699a671806057e76f0141,www.studentassignmenthelp.com/,https://www.studentassignmenthelp.com/,Student Assignment Help,"['Student Assignment Maker ', 'Assistant_Student ...']",None,None,None,None,None,None,None,"[['Student Assignment Maker ', 'Assistant_Student ...'], ['SolutionInn LLC ', 'General Manager_SolutionInn']]",https://www.crunchbase.com/organization/student-assignment-help
5eb69a7d5587c492135fd56c,www.supplychainschool.org.au,https://www.supplychainschool.org.au/,Supply Chain Sustainability School,"['Hayley Jarick', 'CEO']","['Hayley Jarick', 'CEO']",None,None,None,None,"['Pierre-Francois Thaler', 'CEO']",None,None,https://www.crunchbase.com/organization/supply-chain-sustainability-school
5eb69b6fc6cad85bd913e12a,www.switchinc.com.au,http://www.switchinc.com.au/,Switch Inc.,"['Deb Noller - CEO', 'CEO']",None,"['Deb Noller - CEO', 'CEO']","[' Phill Nosworthy', 'founder(s)']",None,None,None,None,"[['Kerry Whelan ', 'General manager_Switch Inc ...'], ['Jane B. ', 'Marketing Manager_E'], ['John Mullen ', 'Service and Support Manager_Switch Inc ...'], ['Ron Celander ', 'Director of Engineering_E'], ['Freddie Jawaid ', 'Switch Inc._LinkedIn'], ['E', 'Switch_ Inc. hiring Regional Sales Manager in ..._LinkedIn'], ['Alison Jane ', 'Director of Sales_Switch Inc.'], ['Michael Slater ', 'President_E'], ['Brian Thiele ', 'Production Manager_CIT Relay and ...'], ['Doreen Schiebe ', 'Director of Marketing_CIT Relay ...']]",https://www.crunchbase.com/organization/switch-au-inc
5eb69c52d1ecab806f2beead,www.talkiplay.com/,https://www.talkiplay.com/,TalkiPlay,"['Dr Annie McAuley', 'Founder & CEO']","['Dr Annie McAuley', 'Founder & CEO']","['Dr Annie McAuley', 'CEO']","[' Annie McAuley', 'founder(s)']",None,None,None,None,None,https://www.crunchbase.com/organization/talkiplay
5eb69cefc81bdf1aac4bf6a1,www.teachertime.com.au,https://www.teachertime.com.au/,TeacherTime,"['Fiona Boyd', 'CEO']",None,"['Fiona Boyd', 'CEO']","[' David Truong, Jesse Black', 'founder(s)']",None,None,None,None,None,https://www.crunchbase.com/organization/teachertime
5eb69e087e9ea4385e20beed,www.negotiations.com,https://www.negotiations.com/,Negotiation Experts,"[['CALUM ROSS COBURN', 'Director']]",None,None,None,"[['CALUM ROSS COBURN', 'Director']]",None,"['Helen Szoke', 'CEO']",None,"[['Calum Coburn ', 'Director & Vice President_The ...'], ['Erich Rifenburgh_ M.B.A ', 'Principal_The ...'], ['Calum Coburn ', 'The Negotiation Experts_LinkedIn']]",https://www.crunchbase.com/organization/the-negotiation-experts
5eb69f48a04ce33b509b4895,www.theicehouse.co.nz/,https://www.theicehouse.co.nz/,The ICEHOUSE,"['Andrew Hamilton', 'CEO']","['Andrew Hamilton', 'CEO']","['Andrew Hamilton', 'CEO']",None,None,"[['Anne Elizabeth CATLEY', ' director']]","['Gavin Lennox', 'CEO']",None,None
5eb6a058cd265d6ef2ee766f,www.thepulseiq.com/,https://www.crunchbase.com/organization/the-pulse-iq,THE PULSE IQ,"[' Brett Heil', 'founder(s)']",None,None,"[' Brett Heil', 'founder(s)']",None,None,"['Patrick Fealy', 'CEO']",None,"[[""Patrick O'Rourke "", 'Co_Founder'], ['James MacDiarmid ', 'Business Development ..._LinkedIn'], [""Patrick O'Rourke "", 'Co_Founder']]",https://www.crunchbase.com/organization/the-pulse-iq
5eb6a12f7ef80a97c531cc67,www.totaralms.com/,https://www.totaralms.com/,Totara Learning Solutions,"[['Marcus RODGER', 'Director'], ['Ronald S Roger', 'Managing Director']]",None,None,None,"[['Marcus RODGER', 'Director'], ['Ronald S Roger', 'Managing Director']]","[['Donald CHRISTIE', ' director']]","['Ron Olsen', 'CEO']",None,"[['Richard Wyles ', 'Totara Learning Solutions_LinkedIn'], ['Andy Kirk ', 'Channel Partner Manager_ EMEA ..._LinkedIn'], ['Andy Kirk ', 'Channel Partner Manager_ EMEA ..._LinkedIn'], ['Craig Eves ', 'Totara Learning Solutions_LinkedIn'], ['Chloe Leon ', 'Product Manager_Totara Learning'], ['Sue Dark ', 'Asia Pacific_Totara Learning Solutions'], ['Lars Hyland ', 'Chief Learning Officer_Totara Learning'], ['Simon Coggins ', 'Director of Learning Technologies ..._LinkedIn'], ['Thomas W. ', 'Totara Learning Solutions_LinkedIn'], ['Sam Hemelryk ', 'Director_ Product Development ..._LinkedIn']]",https://www.crunchbase.com/organization/totara-learning-solutions
5eb6a21fe632eaf0b1d593db,www.trainingadvisor.com.au,https://www.crunchbase.com/organization/training-advisor,Training Advisor,"['Mike Magee', 'CEO']",None,None,None,None,None,"['Mike Magee', 'CEO']",None,"[['Leisa Turner ', 'Training Advisor_Lendlease'], ['Ur Training Advisor ', 'UTA_LinkedIn'], ['Greg Mcnulty ', 'Training Advisor_Zijin Mining Group'], ['Greg Mcnulty ', 'Training Advisor_Zijin Mining Group'], ['Lisa Parkinson ', 'Lead Training Advisor_Sound ...'], ['Conrad Jones ', 'Training Advisor & Business ..._LinkedIn'], ['Toni Larsen ', 'HR and Training Advisor_Sitel'], ['Cyrielle RENARD ', 'Training advisor_Technologia']]",https://www.crunchbase.com/organization/australian-institute-of-management
5eb6a63fc0820e4534126e94,tutorondemand.com.au/,https://www.crunchbase.com/organization/tutor-on-demand,Tutor On Demand,"['Bronwyn Covill', 'CEO']",None,"['Bronwyn Covill', 'CEO']","[' Ben Sze, Duncan Anderson', 'founder(s)']","[['DUNCAN ANDREW ANDERSON', 'Director'], ['JEREMY FRANCIS COX', 'Director'], ['BENJAMIN SZE', 'Director'], ['DANIEL PETRE', 'Director']]",None,"['Mandy Ginsberg', 'CEO']",None,"[['Matt Fisher ', 'Director of Engineering_Tutor On Demand ...'], ['Vladimir Anđelković ', 'Language Tutor on demand ..._LinkedIn']]",https://www.crunchbase.com/organization/tutor-on-demand
5eb6a72dfc5d1c47d4ca9cd1,www.cadmus.io/,https://cadmus.io/,Vericus,"['Herk Kailis', 'CEO']",None,"['Herk Kailis', 'CEO']",None,None,None,"['Paul Scurrah', 'CEO']",None,"[['Rishi Ranjan ', 'Developer_Vericus (Cadmus)'], ['Williams Kwan ', 'Web Developer_Cadmus (Vericus)'], ['David Jennens ', 'Chief Data Scientist_Vericus ...'], ['Rhys Davis ', 'Co_Founder'], ['Guilherme Gomes ', 'Senior Manager_Retail Credit ...'], ['Irwan Subastian ', 'Software Developer_Vericus ...'], ['Gavan Prendergast ', 'General Manager_Ultraspin ...'], ['Sam Xie ', 'Software Engineer_Zendesk'], ['Robert Russo ', 'Co_Founder']]",https://www.crunchbase.com/organization/vericus
5eb6a8462d272649f7b4df95,vidversity.com/,https://vidversity.com/,Vidversity,"['Natalie Wieland', 'Founder and Head of Product']","['Natalie Wieland', 'Founder and Head of Product']","['Simon Quirk', 'CEO']","[' Natalie Wieland, Simon Quirk', 'founder(s)']",None,"[['Ashlee Renee COSTELLO', ' director']]","[""Damian O'Sullivan"", 'CEO']",None,"[['Natalie Wieland ', 'VidVersity_LinkedIn'], ['Elizabeth (Liz) Kollias ', 'VidVersity_LinkedIn'], ['Simon Quirk ', 'CEO and Co_Founder'], ['Michael Levi ', 'VidVersity_LinkedIn']]",https://www.crunchbase.com/organization/vidversity
5eb6a930b440ebf60d42d6c2,www.workstar.com.au,https://www.workstar.com.au/,Workstar,"['Janis Pineda ', 'Program Manager_Workstar']",None,None,None,None,None,None,None,"[['Janis Pineda ', 'Program Manager_Workstar'], ['Beth Steiner ', 'Project Manager_Workstar'], ['Amber Cochrane ', 'Commercial Manager_Workstar'], ['Bill Moss ', 'Director_Workstar'], ['Tom Fallon ', 'Regional Manager WA_Workstar'], ['Brett Ballard ', 'Business Delivery Manager_Workstar'], ['Xiao Li ', 'Frontend Developer_Workstar'], ['Jason Blundell ', 'Owner_Workstar'], ['Patrick Alcantara ', 'Head Of Technology_Workstar'], ['Sarah Veale ', 'Learning Operations Manager_Workstar ...']]",https://www.crunchbase.com/organization/workstar
5eb6aa15b5b4db2c7393254c,http://compass.edu.au/,https://www.compass.education/,Compass,"['John de la Motte', 'CEO']",None,"['John de la Motte', 'CEO']","[' John de la Motte, Lucas Filer', 'founder(s)']","[['Tony Hao SHI', 'Director']]",None,None,None,"[['Travis Gandy ', 'Compass Education Australia_LinkedIn'], ['Eliza Powerlett ', 'CompassTix Manager_Compass Education ...'], ['Neil Spence ', 'State Manager WA_Compass Education ...'], ['Jerome Muldoon ', 'General Manager_Europe ...'], ['Jeannie Risolo ', 'Founder and CEO_Compass Education ...']]",https://www.crunchbase.com/organization/compass-education
5eb6ab260aef4a583d77118f,http://seqta.com.au/,https://seqta.com.au/,Seqta,"['John Vickers', 'Executive Chairman']","['John Vickers', 'Executive Chairman']",None,"[' Grant Grosser, Sharon Grosser', 'founder(s)']","[['NEIL FENTON PACE', 'Auditor'], ['JOHN HUGH VICKERS', 'Director'], ['TIMOTHY EDWIN DAWSON', 'Director'], ['TIMOTHY MARK SIMKISS', 'Director']]",None,None,None,"[['Chris Marley ', 'National Solutions Manager_SEQTA ...'], ['Peter Hazebroek ', 'School Relationship Manager_SEQTA ...'], ['Martin Menahem ', 'School Relationship Manager_SEQTA ...'], ['Mike Israel ', 'School Relationship Manager_SEQTA ...'], ['Rosemary Murphy ', 'Solutions Manager NSW_SEQTA ...'], ['Lee Campbell ', 'School Relationships Manager_SEQTA ...'], ['Shaun Morton ', 'SchoolRelationship Manager_SEQTA ...'], ['Beverley Britz ', 'Director Operations_SEQTA ...'], ['Chris McDonald ', 'Solutions Manager_SEQTA ...']]",https://www.crunchbase.com/organization/seqta
5eb6ac1bfff106a6f58c42e7,http://synergetic.net.au/,https://www.synergetic.net.au/,Synergetic,"['Simone Dawson', 'Chief Executive Officer']","['Simone Dawson', 'Chief Executive Officer']","['Simone Dawson - Chief', 'CEO']",None,None,None,"['Katharine Edgar', 'CEO']",None,"[['Gary Stoneham ', 'Marketing Manager_Synergetic ...'], ['Chamil Fernando ', 'Synergetic Management Systems_LinkedIn'], ['Yamini Patel ', 'Finance Manager_Synergetic ...'], ['James Overell ', 'Development Manager_Synergetic ...'], ['Christian Sanchez ', 'Marketing Manager_SYNERGETIC ...'], ['Gary Stoneham ', 'Marketing Manager_Synergetic'], ['Stephen Short ', 'Operations Manager_UC Synergetic']]"
5eb6ad1662db4e6c180a378b,www.axcelerate.com.au,https://www.axcelerate.com.au/,Axcelerate,"['Julie Verner-Mackay', 'Director']","['Julie Verner-Mackay', 'Director']","['Reay Mackay', 'Managing_Director']",None,None,None,None,None,None
5eb6ae390bdb0b194f41f9b3,http://www.timetabling.com.au,https://www.timetabling.com.au/,Timetabling Solutions Pty Ltd,"['Greg Craven', 'CEO']",None,None,None,None,None,"['Greg Craven', 'CEO']",None,"[['Michael Wood ', 'General Manager_Timetabling Solutions ...'], ['Carol Bradford ', 'Office Manager_Timetabling Solutions ...'], ['Paul Wood ', 'Managing Director_Timetabling Solutions Pty ...'], ['Nicole Stevenson ', 'Consultant_Timetabling Solutions'], ['Garry Daly ', 'National Trainer_Timetabling Solutions'], ['Paul Thompson ', 'Timetabling Solutions_LinkedIn']]",https://www.crunchbase.com/organization/human-edge-software-corp
5eb6af2a6012ca09c1728130,Software to manage relief teachers Australia OR New Zealand,https://passtab.com/,passtab,"['James Mitchell', 'CEO']",None,None,None,None,None,"['James Mitchell', 'CEO']",None,None
5eb6afc4e15b344d1a3aafa0,www.sentral.com.au,https://www.sentral.com.au/,www.sentral.com.au,"['Leanne Samootin', 'CEO Operations']","['Leanne Samootin', 'CEO Operations']","['Greg Coffey', 'CEO']",None,"[['DAVID GREEN', 'Director'], ['KWOK FAI KONRAD CHAN', 'Director'], ['MARK BRENDAN HEALY', 'Director'], ['RACHAEL MARGARET BROWN', 'Secretary']]",None,"['Greg Coffey', 'CEO']",None,None,https://www.crunchbase.com/organization/sentral-education
5eb6b19b1c6e630676c62445,https://schoolbox.com.au/,https://schoolbox.com.au/,Schoolbox,"['James Leckie', 'Chief Product Owner']","['James Leckie', 'Chief Product Owner']","['Sean Richards - Co', 'founder']","[' Sean Richards', 'founder(s)']",None,None,None,None,"[['Sean Richards ', 'Co_founder and Director'], ['Roberto MERINO ', 'Technical Account Manager_Schoolbox ...'], ['James Leckie ', 'Chief Product Owner_Schoolbox'], ['Grant van der Kruk ', 'General Manager_Schoolbox'], ['Peter Cottle ', 'Territory Manager (QLD)_Schoolbox'], ['Jonathan Tam ', 'Executive Director_SchoolBOX Inc'], ['James Leckie ', 'Chief Product Owner_Schoolbox'], ['Tushari de Silva ', 'Technical Account Manager_Schoolbox ...'], ['Ellen Richards ', 'Schoolbox_LinkedIn']]",https://www.crunchbase.com/organization/alaress
5eb6b2a5a9211572420260e9,www.bibliotech.com.au,https://www.bibliotech.com.au/,Bibliotech,"['Dave Sherwood', 'CEO']",None,"['Dave Sherwood', 'CEO']",None,None,None,None,None,"[['Laura Cole ', 'Administrator_Bexar County BiblioTech'], ['Dave Sherwood ', 'New York_ New York ..._LinkedIn'], ['Michael Soselia ', 'Director of Growth_BibliU'], ['Victoria Rivera ', 'Marketing Manager_BiblioTech'], ['Trevor Goodworth ', 'Regional Sales Manager ..._LinkedIn'], ['Adrian Fernandez ', 'Helper Program Manager ..._LinkedIn']]"
5eb6b38eeb5e21b75a0d7cdb,www.edumate.com.au,https://www.edumate.com.au/,Edumate,"['Daniel Hill', 'Director of Sales & Marketing']","['Daniel Hill', 'Director of Sales & Marketing']","['Kate Cassino', 'CEO']",None,None,None,"['Greg Coffey', 'CEO']",None,"[['Jossandro Balardin ', 'Development Manager and ..._LinkedIn'], ['Mehmet Akif Demircan ', 'Marketing Manager_First ...'], ['Paul Cooney ', 'Professional Services Manager_Edumate ...'], ['Mehmet Akif Demircan ', 'Marketing Manager_First ...'], ['John Oh ', 'Consultant_Edumate'], ['Daniel Hill ', 'Innovation & Growth Lead_TFE Solutions'], ['Michael S. ', 'IT Manager_Kesser Torah College']]"
5eb6b45f4dab807be8d7a28a,www.simonschools.net,https://www.simonschools.net/,Simon Schools,"['Peter Hoj', 'CEO']",None,None,None,None,None,"['Peter Hoj', 'CEO']",None,"[['Nina Simon ', ""Schools' Library Service Manager ..._LinkedIn""], ['Daniël Rense ', 'Policy Officer IT_Meerkring'], ['Scott Snowball ', 'Full Stack Developer_Didgigo']]"
5eb6b53fd8471918b43146b7,www.pcschool.net,https://www.pcschool.net/,PC School,"['Brendan Croese', 'Director']","['Brendan Croese', 'Director']",None,None,None,None,"['Peter Hoj', 'CEO']",None,"[['Lisa Bounds ', 'PC school district_LinkedIn'], ['kyeong jeong ', 'manager_pc school'], ['Total Display ', 'Advertising Manager_totaldisplay'], ['Ioannis Minopoulos ', 'Managing Director_KARIAN ...'], ['Chrysa Daousani ', 'Managing Director/Senior ..._LinkedIn'], ['Lyn Kingston ', 'Director Of Public Relations_PC School ...'], ['lindsey almand ', 'Manager_O hale Almand PC'], ['George Gyamfi_ M.S_ CPA_ CGMA ', 'Audit Manager ..._LinkedIn']]"
5eb6b61fabf00d5fdb2d05a3,www.aie.edu.au/,https://aie.edu.au/,aie,"['Guy Vardi', 'CEO']",None,None,None,None,None,"['Guy Vardi', 'CEO']",None,"[['Kale Billett ', 'Managing director / principal engineer_AIE Pty ...'], ['Craig Rhind ', 'Manager_DIVISION OF AIE'], ['Neil Boyd ', 'Head of School (Sydney) and Director ..._LinkedIn'], ['Jason Hayward ', 'Senior Web Developer_Academy ...'], ['Ebony', 'Rose Mackell_Specsavers Australia & New Zealand'], ['Paul Beauchamp ', 'Production Manager_Supply ...'], ['Sebastian Masset ', 'Contract Civil Engineer ..._LinkedIn']]"
5eb6b71e5cd9b7b54c7d9961,https://www.zenimax.com/,https://www.zenimax.com/,zenimax,"[' Christopher Weaver', 'founder(s)']",None,None,"[' Christopher Weaver', 'founder(s)']",None,None,"['Guy Vardi', 'CEO']",None,"[['Allen Wilson ', 'Channel Development Manager ..._LinkedIn'], ['Noel Wheatley ', 'Social Media and Digital Marketing ..._LinkedIn'], ['Paul Hellmrich ', 'Marketing_SkinKandy'], ['Eranga De Silva ', 'Operations_EGAA']]",https://www.crunchbase.com/organization/zenimax
5eb6b9158f232307ce0bdc13,www.joybusinessacademy.com,https://www.joybusinessacademy.com/,joybusinessacademy,"['Antony John BALFOUR', ' director']",None,None,None,None,"[['Antony John BALFOUR', ' director']]",None,None,"[['Mandy Coddington ', 'Co_founder_ Joy Business ...'], ['Richard Lauder ', 'Director_Joy Business Academy'], ['Shayne Hodge ', 'Director_Joy Business Academy'], ['John Holt ', 'Founder_Institute of Purpose'], ['Shayne Hodge ', 'Director_The Hodge Group'], ['Mandy Coddington ', 'Auckland_ New Zealand_LinkedIn']]"
5eb6b9dbb8b6b03010c4dcc6,Examples: https://www.classcover.com.au/,https://www.classcover.com.au/teachers/features,classcover,"[' Ben Grozier', 'founder(s)']",None,None,"[' Ben Grozier', 'founder(s)']","[['ANTHONY JON VLASSIS', 'Director'], ['CONNIE MARIE PAOLINI', 'Director'], ['CONNIE MARIE PAOLINI', 'Secretary']]",None,"['Mehran Assadi', 'CEO']",None,"[['Billie Muchmore ', 'Head Of Marketing_ClassCover'], ['Jim Hool ', 'Director_Class Cover Ltd']]",https://www.crunchbase.com/organization/class-cover
5eb6bad32c05d6f34cf32652,http://www.smartech.com,https://www.smartech.com/,Smartech,"['Roop RANDHAWA', ' director']",None,None,None,None,"[['Roop RANDHAWA', ' director']]",None,None,"[['Prasad Sumudu. ', 'Assistant Manager Sales And ..._LinkedIn']]"
5eb6bbbee2f17c3f3238cec8,http://www.pavt.com.au/,http://www.vsicam.com/partner/pavt-australia/,vsicam,['None'],None,None,None,None,None,None,None,None
5eb6bca1b68e7672cd0ef210,https://integralads.com/ ,https://integralads.com/,integralads,"['John Allan', 'CEO']",None,None,None,None,None,"['John Allan', 'CEO']",None,None
5eb6bdb1e7b6cc4614eb0edb,https://www.quantium.com/,https://quantium.com/,quantium,"[['SEAN ANTHONY DAVIS', 'Director'], ['GREGORY SCHNEIDER', 'Director'], ['COLIN GRAHAME STORRIE', 'Director'], ['ADAM DRIUSSI', 'Director']]",None,None,None,"[['SEAN ANTHONY DAVIS', 'Director'], ['GREGORY SCHNEIDER', 'Director'], ['COLIN GRAHAME STORRIE', 'Director'], ['ADAM DRIUSSI', 'Director']]","[['Benjamin Campbell Winter ASHTON', ' director']]","['John Allan', 'CEO']",None,"[['Adam Follington ', 'Head of New Zealand_Quantium'], ['Per Gustafsson ', 'Country General Manager ANZ_Quantium ...'], ['Rob Clark ', 'Executive Manager_ FMCG_ ANZ ..._LinkedIn'], ['Mohammad Khan ', 'eCommerce Transport Manager ..._LinkedIn'], ['Andres Bernal ', 'Quantium_LinkedIn'], ['Kosala Rajapakshe ', 'Quantium Solutions_LinkedIn'], ['Chris Holmes ', 'Executive Manager_Quantium'], ['Bernard Wilson ', 'Executive_Quantium'], ['Bronwyn Hawkins ', 'Consultant_Quantium'], ['Christian Ross ', 'Head of Category Management ..._LinkedIn']]",https://www.crunchbase.com/organization/quantium
5eb6beca47492aa1e0553de4,https://www.alvedia.com/,https://www.alvedia.com/,alvedia,"[""Dr Judith Slocombe Dr Judith Slocombe's"", 'Managing_Director']",None,"[""Dr Judith Slocombe Dr Judith Slocombe's"", 'Managing_Director']",None,None,None,None,None,None
5eb6bfc707fd60d7d77844de,www.flukebiomedical.com,https://www.flukebiomedical.com/,flukebiomedical,"['Carl Brinkman', 'Director - Sales and Marketing']","['Carl Brinkman', 'Director - Sales and Marketing']",None,None,None,None,"['Andrew Just', 'CEO']",None,None
5ed3846f023b726e6d17d4f0,KAMAR ,https://play.google.com/store/apps/details?id=nz.co.KAMAR&hl=en,KAMAR ,"['David Wise ', 'Trainer_KAMAR Ltd']",None,None,None,None,None,None,None,"[['David Wise ', 'Trainer_KAMAR Ltd'], ['Michael Kamar ', 'Head of Technology_Security ...'], ['Anne Simonds ', 'Australia and New Zealand_LinkedIn']]"
5ed38b25d439f58cc06e5825,Assembly ,https://www.tutorialspoint.com/assembly_programming/assembly_introduction.htm,Assembly ,"['Simon Lee', 'CEO']",None,"['Simon Lee', 'CEO']","[' Darren McMurtrie, Simon Jones, Simon Lee', 'founder(s)']",None,"[['Damon DUNCAN', ' director']]","['Simon Lee', 'CEO']",None,None,https://www.crunchbase.com/organization/promisepay
5ed38d5420653aee6e3220c8,Velpic ,https://www.velpic.com/,Velpic ,"[' Glen Moora, Patrick Connell, Russell Francis', 'founder(s)']",None,None,"[' Glen Moora, Patrick Connell, Russell Francis', 'founder(s)']",None,"[['Daniel Geoffrey James ROHR', ' director']]","['Martin Dougiamas', 'CEO']","['Leanne GRAHAM', 'agent']","[['Rhonda Robati ', 'VP of Sales & Operations APAC ..._LinkedIn'], ['David McLeod ', 'Chief Financial Officer_Ajero Pty Ltd'], ['Suey Stockton ', 'Business Relationship Manager ..._LinkedIn']]",https://www.crunchbase.com/organization/velpic
5ed38efe1838c05e0c6fb6e4,edval.com.au ,http://www.edval.com.au/,edval.com.au ,"['Dr Tim Cooper', 'COO']",None,"['Dr Tim Cooper', 'COO']","[' Dr Tim Cooper', 'founder(s)']",None,None,None,None,"[['Donna Machado ', 'Edval Timetables_LinkedIn'], ['Kerrie Goddard ', 'Financial Controller_Edval ...'], ['Patrick Roberts ', 'Managing Director_Nacel ...'], ['Phillip Bookallil ', 'CIO_Senior Product Manager ...'], ['robert wallhausen ', 'Managing Director_Vimwood Australia ...'], ['Alevine Magila ', 'Victorian State Manager_TuteSmart']]",https://www.crunchbase.com/organization/edval-timetables
5ed3900863e5bffa1d2b4e2f,parentpaperwork.com ,https://parentpaperwork.com/,parentpaperwork.com ,"[' David Eedle, Fiona Boyd', 'founder(s)']",None,None,"[' David Eedle, Fiona Boyd', 'founder(s)']",None,None,"['Fiona Boyd', 'CEO']",None,"[['Fiona Boyd ', 'Co_founder and CEO'], ['Gerard Tuffield ', 'Queensland Sales Representative ..._LinkedIn']]",https://www.crunchbase.com/organization/parentpaperwork
5ed391925d33c4975503bb94,3plearning.com ,https://www.3plearning.com/,3plearning.com ,"[""Rebekah O'Flaherty"", 'CEO']",None,"[""Rebekah O'Flaherty"", 'CEO']",None,"[[""Rebekah O'FLAHERTY"", 'Director'], ['Simon Peter YEANDLE', 'Director']]","[['Jonathan Claude KENNY', ' director']]",None,None,"[['Karen Rolleston ', 'Interim Chief Executive Officer_Royal New ...']]",https://www.crunchbase.com/organization/3p-learning
5ed394144eb75866dfdcdc0d,cashtivity.com ,http://www.cashtivity.com/,cashtivity.com ,"['Marissa Di Pasquale', 'founder']",None,"['Marissa Di Pasquale', 'founder']","[' Marissa Di Pasquale', 'founder(s)']",None,None,None,None,"[['Angeline Mayasari ', 'Cashtivity_LinkedIn'], ['Adam Long ', 'TheEthicalCEO_TheEthicalCEO.com'], ['Alec Sharp ', 'Data Scientist_Mindsets Learning']]",https://www.crunchbase.com/organization/cashtivity
5ed39521d784bdc428779a0f,canva.com ,https://www.canva.com/,canva.com ,"['Melanie Perkins', 'CEO']",None,"['Melanie Perkins', 'CEO']","[' Cameron Adams, Cliff Obrecht, Melanie Perkins', 'founder(s)']",None,None,None,None,"[['Mike Williams ', 'Product Partnerships Lead_Canva']]",https://www.crunchbase.com/organization/canva
5ed3966ae5903d41b23471ba,clickview.com.au ,https://www.clickview.com.au/,clickview.com.au ,"['Evan Clark', 'CEO']",None,"['Evan Clark', 'CEO']",None,None,None,None,None,"[['Eliescha Bazley ', 'ClickView Advisor_NSW/NZ ...']]"
5ed3980c016ddd49b0f4c304,edrolo.com.au ,https://edrolo.com.au/,edrolo.com.au ,"[' Ben Sze, Duncan Anderson, Jeremy Cox', 'founder(s)']",None,None,"[' Ben Sze, Duncan Anderson, Jeremy Cox', 'founder(s)']","[['DUNCAN ANDREW ANDERSON', 'Director'], ['JEREMY FRANCIS COX', 'Director'], ['BENJAMIN SZE', 'Director'], ['DANIEL PETRE', 'Director']]",None,None,None,"[['Duncan Anderson ', 'Co_Founder & Co'], ['Jeremy Cox ', 'Co_founder'], ['Rosie Faisandier ', 'Learning Innovation Associate ..._LinkedIn'], ['Amanda Ritter ', 'Business Management Section ..._LinkedIn'], ['Warwick Smith ', 'Franchise Owner_Aussie Farmers ...'], ['Murray Hawkins ', 'Scholastic Australia_LinkedIn']]",https://www.crunchbase.com/organization/edrolo
5ed3996045e3020d63762dce,literacyplanet.com ,https://www.literacyplanet.com/,literacyplanet.com ,"['Shane Davis', 'founder']",None,"['Shane Davis', 'founder']","[' Shane Davis', 'founder(s)']",None,None,"['Adam McArthur', 'CEO']",None,"[['Matthew Clark ', 'Team Leader AU/NZ_LiteracyPlanet'], ['Sharon Davies ', 'Founder & Managing Director ..._LinkedIn'], ['Heith Mackay', 'Cruise_Non Executive Chairman ...'], ['Eliescha Bazley ', 'ClickView Advisor_NSW/NZ ...'], ['Vi Hughes ', 'Owner_Holiday Destinations around ...'], ['Sharon Davies ', 'Founder & Managing Director ..._LinkedIn']]",https://www.crunchbase.com/organization/literacyplanet
5ed39b1195eba19024e714bf,makersempire.com ,https://www.makersempire.com/,makersempire.com ,"[' Anthony Chhoy, Jonathan Soong, Lap Leung, Roland Peddie', 'founder(s)']",None,None,"[' Anthony Chhoy, Jonathan Soong, Lap Leung, Roland Peddie', 'founder(s)']","[['JONATHAN SOONG', 'Director'], ['TIMOTHY STOLLZNOW', 'Director'], ['ANTHONY CHHOY', 'Director'], ['ANTHONY CHHOY', 'Secretary']]",None,None,None,None,https://www.crunchbase.com/organization/makers-empire
5ed39d3781f6df0d82e6bfda,mathspathway.com ,https://mathspathway.com/,mathspathway.com ,"['Melodie Potts Rosevear', 'CEO']",None,"['Melodie Potts Rosevear', 'CEO']","[' Justin Matthys, Richard Wilson', 'founder(s)']",None,None,None,None,None,https://www.crunchbase.com/organization/maths-pathway
5ed39f30fc1a9fd5e77e332f,matific.com ,https://www.matific.com/,matific.com ,"['Paul Mishkin', 'CEO']",None,None,None,None,None,"['Paul Mishkin', 'CEO']",None,"[['Allan Levenstein ', 'Regional Manager APAC_Matific'], ['Gerard Tuffield ', 'Queensland Sales Representative ..._LinkedIn']]"
5ed3a07a5dbe3d7cdbc0a11f,quizlingapp.com ,https://quizlingapp.com/,quizlingapp.com ,"[' Damien Trask, Dion Oxley', 'founder(s)']",None,None,"[' Damien Trask, Dion Oxley', 'founder(s)']",None,None,None,None,None,https://www.crunchbase.com/organization/quizling
5ed3a21a7deae88594ebebcb,songroom.org.au ,https://www.songroom.org.au/,songroom.org.au ,"['Alice Gerlach', 'CEO']",None,"['Alice Gerlach', 'CEO']",None,None,None,None,None,"[['Hana Lo Bianco ', 'Senior Project Officer ..._LinkedIn'], ['Grant Millington ', 'Managing Director_Osmosys Group']]"
5ed3a430b15357da758e9aaf,vettrak.com.au ,https://www.vettrak.com.au/,vettrak.com.au ,"[['MARC RAYMOND WASHBOURNE', 'Director'], ['MARC RAYMOND WASHBOURNE', 'Secretary']]",None,None,None,"[['MARC RAYMOND WASHBOURNE', 'Director'], ['MARC RAYMOND WASHBOURNE', 'Secretary']]",None,None,None,None,https://www.crunchbase.com/organization/readytech-e0cf
5ed3a65cc612795088fb19b8,janison.com ,https://www.janison.com/,janison.com ,"['David Caspari - Chief', 'CEO']",None,"['David Caspari - Chief', 'CEO']","[' Wayne Houlden', 'founder(s)']",None,None,None,None,"[['George Gorman (MAICD_ MAIPM) ', 'Chief ..._LinkedIn'], ['Kyle Winters ', 'Associate Director_KPMG Australia'], ['Tayla Kay ', 'Creative Director_Nest Creative']]",https://www.crunchbase.com/organization/janison
5ed3a8655fa4a60f979e1f88,learnosity.com ,https://learnosity.com/,learnosity.com ,"['Mark Lynch - CTO', 'founder']",None,"['Mark Lynch - CTO', 'founder']",None,None,None,"['Gavin Cooney', 'CEO']",None,None
5ed3ac8b4daab633d19b58d8,https://schoolpro.com.au/ ,https://schoolpro.com.au/,https://schoolpro.com.au/ ,"['Gary Stoneham', 'CEO']",None,None,None,None,None,"['Gary Stoneham', 'CEO']",None,None,https://www.crunchbase.com/organization/schoolpro
5ed3add3461496c2716f7235,https://nearpod.com/ ,https://nearpod.com/,https://nearpod.com/ ,"['Felipe Sommer', 'CEO']",None,"['Felipe Sommer', 'CEO']",None,None,None,None,None,None
5ed3af522f225fd825bf711a,http://www.etap.co.nz/ ,https://www.etap.co.nz/,http://www.etap.co.nz/ ,"['Ainsley Jonathon LEWIS', ' director']",None,None,None,None,"[['Ainsley Jonathon LEWIS', ' director']]","['Fabien Condemine', 'CEO']",None,None
5ed3b088624645fcbe0374c5,http://www.schoology.com/ ,https://www.schoology.com/,http://www.schoology.com/ ,"['Jeremy Friedman', 'CEO']",None,None,None,None,None,"['Jeremy Friedman', 'CEO']",None,None
5ed3b2383758cc50c8bdd137,https://school-links.co.nz/ ,https://school-links.co.nz/,https://school-links.co.nz/ ,"['Andrew Balfour', 'Managing_Director']",None,"['Andrew Balfour', 'Managing_Director']",None,None,None,None,None,None
5ed3b766a882d958e63eb52e,https://www.txtstream.co.nz ,https://www.txtstream.co.nz/,https://www.txtstream.co.nz ,"['Derek John WALLER', ' director']",None,None,None,None,"[['Derek John WALLER', ' director']]",None,None,None
