_id,search_text,link,comp_name,address,from_google,from_website,from_dnb,from_oc,from_avention
5eb62e2a134cc6fb9536e93d,www.2and2.com.au,https://www.2and2.com.au/,2and2,5 1 Dairy Rd Fyshwick ACT 2609,"['5 Blackfriars St, Chippendale NSW 2008, Australia', ['2and2, address', 'knowledge_panel']]","['5 1 Dairy Rd Fyshwick ACT 2609', '430 Little Collins Street Melbourne VIC 3000', '5 1 Dairy Rd Fyshwick ACT 2609 Australia', '883 974.  Our offices Sydney 5 Blackfriars Street Chippendale NSW 2008', '5 Blackfriars StreetChippendale, NSW 2008', '5 Blackfriars Street"",""addressLine2"":""Chippendale, NSW 2008', 'Suite  2 , Churchill Court 234 Churchill Avenue Subiaco WA 6008', '430 Little Collins Street Melbourne VIC 3000 Australia', '234 Churchill Avenue Subiaco WA 6008 Australia', '5 Blackfriars Street Chippendale NSW 2008 Australia', 'Suite  2 , Churchill Court 234 Churchill Avenue Subiaco WA 6008 Australia', '5 Blackfriars Street Chippendale NSW 2008', '883 974.  Our offices Sydney 5 Blackfriars Street Chippendale NSW 2008 Australia']","['5 BLACKFRIARS STREET CHIPPENDALE, NEW SOUTH WALES, 2008 Australia', 'https://www.dnb.com/business-directory/company-profiles.2and2_pty_ltd.aa55e47334ebf54455930a68e849dcd8.html']",None,"['5 Blackfriars Street Chippendale, New South Wales, 2008 Australia', '/company/3cb56c79-49a6-32bb-8987-b8fbe91de116']"
5eb630147afe26eca4ba7bfa,https://www.answersportals.com/,https://www.answersportals.com/,Answers Portals,None,None,None,None,None,None
5eb6311c86662885174692de,https://arludo.com/,https://arludo.com/,arludo,"1 Jasmine St Botany, New South Wales, 2019 Australia",None,None,None,None,"['1 Jasmine St Botany, New South Wales, 2019 Australia', '/company/d48e7853-f21a-30a3-8a6b-319f01323c38']"
5eb631f1fac479799dedd1f8,www.assignmenthelpservices.com/,https://www.assignmenthelpservices.com/,Assignment Help Services,None,None,None,None,None,None
5eb6331597c8f5512179c4f1,https://getatomi.com/gb,https://getatomi.com/,Atomi,"16 22-36 Mountain Street Ultimo, NSW, 2007 Australia","['25/15 Ricketts Rd, Mount Waverley VIC 3149, Australia', ['Atomy Oceania Pty Ltd, address', 'knowledge_panel']]","['16 22-36 Mountain Street Ultimo, NSW, 2007 Australia', '15 22-36 Mountain Street Ultimo, NSW 2007 Australia']",None,None,None
5eb634492802acb8c48e02aa,www.schoolappsolution.com.au,https://www.schoolappsolution.com.au/,School App Solution,None,None,None,None,None,None
5eb63539be65b70e5af0c7a9,www.australianassignmentshelp.com/,https://www.australianassignmentshelp.com/,Australian assignments help,None,None,None,None,None,None
5eb6363894bd0b097f9c2734,australianhelp.com/,https://australianhelp.com/,Australian Help,"5/818 Old Princes Highway Sutherland, New South Wales, 2232 Australia (Primary Address) Show Secondary",None,None,None,None,"['5/818 Old Princes Highway Sutherland, New South Wales, 2232 Australia (Primary Address) Show Secondary', '/company/39a01f4b-03a1-3140-b637-1e15c6637526']"
5eb6378b772150870b5c8d27,www.beautycoursesonline.com/,https://www.beautycoursesonline.com/,Beauty Courses Online,"71 Silverdale Rd, Eaglemont, Victoria Australia 3084","['71b Silverdale Rd, Eaglemont VIC 3084, Australia', ['Beauty Courses Online, address', 'knowledge_panel']]","['71 Silverdale Rd, Eaglemont, Victoria Australia 3084', '71 Silverdale Rd Eaglemont, Victoria Australia']","['71B SILVERDALE ROAD EAGLEMONT, VICTORIA, 3084 Australia', 'https://www.dnb.com/business-directory/company-profiles.the_trustee_for_beauty_courses_online_unit_trust.b50ffb076ba6563114ea9a10e1d5a37a.html']","['Nesti Chartered Accountants Limited, 5/36 William Pickering Drive, Rosedale, Auckland0632NZ', 'https://opencorporates.com/companies/nz/5931548']","['71B Silverdale Road Eaglemont, Victoria, 3084 Australia', '/company/5d8feb64-3736-3c55-8738-b297af949b9e']"
5eb639ee2c60aae411d1ae8b,brainpump.net/,http://brainpump.net/,Brain Pump,None,None,None,None,None,None
5eb63aff81de1c4846fd91ab,www.careercake.com/,https://www.careercake.com/,Careercake,None,None,None,None,None,None
5eb63c1e9c69232f6ed6edd8,centralinnovation.com.au/,https://centralinnovation.com.au/,Central Innovation Pty Ltd.,"Level 3, Building 2/20 Bridge St, Pymble NSW 2072, Australia","['Level 3, Building 2/20 Bridge St, Pymble NSW 2072, Australia', ['Central Innovation, address', 'knowledge_panel']]","['Level  3 , Building 2 20 Bridge Street Pymble 2073']","['Se 2 L 3 Bldg 2 20 Bridge St Pymble, NEW SOUTH WALES, 2073 Australia', 'https://www.dnb.com/business-directory/company-profiles.central_innovation_holdings_pty_limited.fd120ced185cc93aa992f4c97d51324a.html']","['PYMBLE2073New South WalesAustralia', 'https://opencorporates.com/companies/au/123240362']",None
5eb63d1b9d2ec0b892c42dd5,www.c-learning.com.au/,https://www.c-learning.net/,C-Learning Pty,None,None,None,None,None,None
5eb63e1ee805d1cff3d80a25,www.complierenterprise.com/,http://www.complierenterprise.com/,Complier Enterprise,None,None,None,None,None,None
5eb63ee743b668cb27ef8137,www.compnow.com.au,https://www.compnow.com.au/,Computers Now,"Suite  21 Mounts Bay Rd, Perth WA 6000","['352 Ferntree Gully Rd, Notting Hill VIC 3168, Australia', ['CompNow Melbourne, address', 'knowledge_panel']]","['Suite  21 Mounts Bay Rd, Perth WA 6000', 'Unit  15 , Perry Park Estate 33 Maddox Street Alexandria, NSW 2015', '352 Ferntree Gully Road Notting Hill, VIC 3168', '1 150 North Terrace, Adelaide SA 5000', 'Unit  1 , 6 Colin Jamieson Drive Welshpool, WA 6106', '9 Commercial Street Marleston, SA 5033', 'Unit  14 , 67 Depot Street Banyo, QLD 4014', '1 Convention Centre Pl, South Wharf VIC 3006']",None,None,"['352-368 Ferntree Gully Rd Notting Hill, Victoria, 3168 Australia', '/company/5741bc5f-338c-39f5-9266-df4b9551f439']"
5eb640560732058562a400b3,www.convincely.com,https://convincely.com/,Convincely,"Level  11 , 484 St Kilda Road, Melbourne VIC 3000 Australia","['11/484 St Kilda Rd, Melbourne VIC 3004, Australia', ['Convincely, address', 'knowledge_panel']]","['Level  11 , 484 St Kilda Road, Melbourne VIC 3000 Australia']",None,None,"['11/484 St Kilda Road Melbourne, Victoria, 3004 Australia', '/company/76a21e9a-e203-3f6b-acbb-92dba1f44c9a']"
5eb646ce3b4442b4da91c057,CourseLink,https://help.blackboard.com/Learn/Instructor/Course_Content/Create_Content/Create_Course_Materials/Link_to_Content_and_Tools,CourseLink,None,None,None,None,None,None
5eb6479687b6932b9e6de098,www.coursesdirect.com.au,http://www.coursesdirect.com.au/,Courses Direct,"63 Ridley St, Charlestown NSW 2290, Australia","['63 Ridley St, Charlestown NSW 2290, Australia', ['Courses Direct Distance Education Schools, address', 'knowledge_panel']]",None,None,None,"['63 Ridley Street Charlestown, New South Wales, 2290 Australia', '/company/b0a388ca-8e23-3dfc-a70d-87f5261f033f']"
5eb648bf6bc924ef46ab60da,www.cuberider.com/,https://launchpad.cuberider.com/,Cuberider,None,None,None,None,None,None
5eb64a8e96bdd2bbbb3287e5,devika.com/,https://devika.com/,Devika,"3 , F 25 Exchange Pl, Barangaroo NSW 2000","['International Towers, Tower 3, F 25 Exchange Pl, Barangaroo NSW 2000, Australia', ['Devika in Sydney, address', 'knowledge_panel']]","['3 , F 25 Exchange Pl, Barangaroo NSW 2000']",None,None,"['Shp 5 50 O G Rd Klemzig, South Australia, 5087 Australia', '/company/e16f6a68-c4fb-3c5c-b7e1-07ae2506a7b2']"
5eb64bc810a22fecd4eca987,dienstconsulting.com/,https://dienstconsulting.com/,Dienst Consulting,"Suite  47 , 50 St Georges Tce, Perth Western Australia 6000","['50 St Georges Terrace, Perth WA 6000, Australia', ['Dienst Consulting, address', 'knowledge_panel']]","['Suite  47 , 50 St Georges Tce, Perth Western Australia 6000', 'Level  6 , 191 St Georges Tce, Perth Western Australia 6000', 'Suite  47 , 50 St Georges Terrace Perth, WA 6000 Australia']",None,None,"['Se 47 50 St Georges Tce Perth, Western Australia, 6000 Australia', '/company/62f993c6-4948-3a5c-8110-927887d3606b']"
5eb64cfc8c94747a21f39855,digiskool.co.ke/ austraila,https://www.digischoolgroup.com/en/produits,digiskool,None,None,None,None,None,None
5eb64e13158973dfa9982019,www.digistorm.com.au/,https://www.digistorm.com.au/,Digistorm,"Suite G2/2019 Gold Coast Hwy, Miami QLD 4220, Australia","['Suite G2/2019 Gold Coast Hwy, Miami QLD 4220, Australia', ['Digistorm Pty Ltd, address', 'knowledge_panel']]",None,None,None,"['Se G2 2019 Gold Coast Highway Miami, Queensland, 4220 Australia', '/company/9231dadf-c0cc-3500-bdc4-a5c7f4c4f75b']"
5eb64f4ea0549166c51ca057,www.dynamicwebtraining.com.au/,https://www.dynamicwebtraining.com.au/,Dynamic Web Training Pty Ltd.,"19 Young Street, Adelaide, SA 5000","['level 11/32 Walker St, North Sydney NSW 2060, Australia', ['Dynamic Web Training, address', 'knowledge_panel']]","['19 Young Street, Adelaide, SA 5000', 'Level  12 379 Collins Street Melbourne VIC 3000', 'Level  12 , 379 Collins Street, Melbourne, VIC 3000', '1 /140 St Georges Terrace   Perth WA 6000', 'Level  11 , 32 Walker street, North Sydney, NSW 2060', 'Level  11 , 32 Walker Street North Sydney NSW 2060', '4 /54 Marcus Carke Street   Canberra ACT 2601', 'Level  1 , 33-35 Ainslie Place, Canberra, ACT 2601', '6 /371 Queen Street   Brisbane QLD 4000', 'Level  6 , 371 Queens Street, Brisbane, QLD 4000', 'Level  4 , 54 Marcus Clarke Street Canberra ACT 2601', '12 /379 Collins Street   Melbourne VIC 3000', '19 Young Street   Adelaide SA 5000', 'Level  1 , 140 St Georges Terrace,  Perth , WA 6000', 'Level  6 , 371 Queen Street,  Brisbane , QLD 4000', 'Level  11 ,  32 Walker Street North Sydney NSW 2060', '11 /32 Walker Street  North Sydney NSW 2060', 'Level  1 , 140 St Georges Terrace, Perth, WA 6000', '4 /54 Marcus Clarke Street  Canberra ACT 2601']",None,"['BUNDOORA3083VictoriaAustralia', 'https://opencorporates.com/companies/au/605506563']",None
5eb650acab06d680d6990351,EDflix austraila austraila austraila,https://www.f6s.com/edflix,EDflix austraila austraila austraila,None,None,None,None,None,None
5eb651bc5fa088c453991725,edpotential.com/,https://www.edpotential.com/,EdPotential,69 Gracefield Road Lower Hutt 5010 New Zealand,None,['69 Gracefield Road Lower Hutt 5010 New Zealand'],"['Gracefield Innovation Quarter 69 Gracefield Road Lower Hutt,, WELLINGTON, 5010 New Zealand', 'https://www.dnb.com/business-directory/company-profiles.edpotential_limited.f8285dd020a6b7eda737cd52af25ba03.html']","['Level 19, 1 Willis Street, Wellington Central, Wellington6011NZ', 'https://opencorporates.com/companies/nz/9429046998859']",None
5eb652de55de509b4a9efaf4,edquire.com,https://edquire.com/,edQuire,"Unit  41 , 159 Arthur Street Homebush West,  NSW 2140 Australia","['Level 2 - 41/159 Arthur St, Homebush West NSW 2140, Australia', ['edQuire - FIC Technology Pty Ltd, address', 'knowledge_panel']]","['Unit  41 , 159 Arthur Street Homebush West,  NSW 2140 Australia', '41 /159 Arthur Street Homebush NSW Australia', 'Unit  41 , 159 Arthur Street, Homebush West, Sydney, NSW Australia 2140', 'Unit  41 , 159 Arthur Street, Homebush West, NSW 2140 Australia', 'Unit  41 , 159 Arthur Street, Homebush West, NSW 2140']",None,None,"['U 7 186-188 Canterbury Rd Canterbury, New South Wales, 2193 Australia', '/company/6393a9b4-f86a-394e-9efe-1913c1eb6738']"
5eb65433af5bcc3efe32c504,www.edval.education,https://www.edval.education/,Edval Timetables,"Suite  2 , 83-97 Kippax St SURRY HILLS NSW 2010 Australia",None,"['Suite  2 , 83-97 Kippax St SURRY HILLS NSW 2010 Australia', 'Suite  2 , 83-97 Kippax Street Surry Hills, NSW 2010']",None,None,"['G 83 83-97 Kippax Street Surry Hills, New South Wales, 2010 Australia', '/company/aa32e82f-75a4-366e-874e-03be695e0eb9']"
5eb6556c29c37695bc97bec4,emarkingassistant.com/,http://emarkingassistant.com/,eMarking Assistant,"Unit  5 , 1 Goldner Circuit, Melba, ACT 2615",None,"['Unit  5 , 1 Goldner Circuit, Melba, ACT 2615']",None,None,None
5eb6567909d0de1b6b708cf8,www.equ.com.au/,https://equ.com.au/,Equilibrium,"Level  1 , 77 King St   Perth WA 6000","['5/12 Glasson Dr, Bethania QLD 4205, Australia', ['Equilibrium Australia, address', 'knowledge_panel']]","['Level  1 , 77 King St   Perth WA 6000']",None,None,"['20 Derbyshire Rd Leichhardt, New South Wales, 2040 Australia (Primary Address) Show Secondary', '/company/29d487a4-37c4-398a-a139-a947d9e96706']"
5eb657e754ee9cbe1a7388c8,essayassignmenthelp.com.au/,https://essayassignmenthelp.com.au/,Essay Assignment Help,None,None,None,None,None,None
5eb65942b46918d079adebe9,fitzroyacademy.com/,https://fitzroyacademy.com/,Fitzroy Academy,"88 Nicholson St, Fitzroy VIC 3065, Australia","['88 Nicholson St, Fitzroy VIC 3065, Australia', ['Academy of Mary Immaculate, address', 'knowledge_panel']]",None,"['236 Johnston St Fitzroy, VICTORIA, 3065 Australia', 'https://www.dnb.com/business-directory/company-profiles.biba_academy_of_hair__beauty_pty_ltd.6d0ba24cf986ec7f0428aaac2bebabf2.html']",None,"['Academy Of Mary Immaculate 88 Nicholson Street Fitzroy, Victoria, 3065 Australia', '/company/fced891f-4162-342d-8209-e23389532623']"
5eb65a927cb5b3a1ff4ae362,Fluid Learning Courses Brisbane austraila,https://www.fluidfirstaid.com.au/,Fluid Learning Courses Brisbane austraila,"4 Sibley Street, North Lakes, QLD 4509",None,"['4 Sibley Street, North Lakes, QLD 4509', '4 Sibley St, North Lakes Qld 4509', 'PO Box 2167 REDCLIFFE NORTH Qld 4020', '528 Kingsford-Smith Drive, Hamilton, QLD 4007', '4 Sibley St NORTH LAKES Qld 4509', '4 Sibley St, NORTH LAKES Qld 4509', '528 Kingsford-Smith Drive Hamilton Qld 4007']","['L 9 133 Mary St Brisbane City, QUEENSLAND, 4000 Australia', 'https://www.dnb.com/business-directory/company-profiles.tafe_queensland.269277c8fdc52444c746405cd19c7717.html']",None,None
5eb65b645417d406270e7e63,foundr.com/,https://foundr.com/,Foundr Magazine,"231 , Chapel St Prahran, VIC Australia","['Level 1/60 Wilson St, South Yarra VIC 3141, Australia', ['Foundr Magazine, address', 'knowledge_panel']]","['231 , Chapel St Prahran, VIC Australia', 'Level  1 , 60 Wilson Street South Yarra 3141 VIC Australia', '231 Chapel St, Prahran, Victoria Australia 3181']",None,None,None
5eb65d83728ad01002b3a5f6,www.funnelback.com,https://www.funnelback.com/home,Funnelback,"51 Allara Street   Canberra , ACT 2601 Australia",None,"['51 Allara Street   Canberra , ACT 2601 Australia', '51 Allara Street Canberra, ACT 2601', 'Level  1 , 100 Tory Street, Te Aro Wellington 6011 New Zealand', '12 Gipps St, Collingwood   Melbourne , VIC 3066 Australia', 'Level  3 , 142-146 Elizabeth St   Hobart , TAS 7000', 'Level  1 , 100 Tory Street, Te Aro Wellington 6011', 'Level  2 , North Tower 10 Browning St   Brisbane , QLD 4101 Australia', 'Level  1 , 100 Tory Street Te Aro   Wellington , 6011 New Zealand', '25 Franklin Street   Adelaide , SA 5000 Australia', '25 Franklin Street Adelaide , SA 5000 Australia', '51 Allara Street Canberra, ACT 2601 Australia', '51 Allara Street Canberra , ACT 2601 Australia', '10 Browning St Brisbane , QLD 4101 Australia', 'Level  3 , 142-146 Elizabeth St Hobart , TAS 7000 Australia', 'Suite 600   Seattle , WA 9812', 'Level  1 , 507 Murray Street, Perth   Perth , WA 6000', '51 Allara Street   Canberra , ACT 2601', '12 Gipps St, Collingwood   Melbourne , VIC 3066', 'PO Box 3141 South Brisbane QLD 4101', 'Level  3 , 142-146 Elizabeth St   Hobart , TAS 7000 Australia', 'Level  1 , 507 Murray Street Perth   Perth , WA 6000 Australia', '25 Franklin Street   Adelaide , SA 5000', 'Level  1 , 100 Tory Street Te Aro Wellington 6011', 'Level  2 , North Tower 10 Browning St   Brisbane , QLD 4101', 'Level  1 , 507 Murray Street, Perth   Perth , WA 6000 Australia']","['G 51 ALLARA STREET CANBERRA, AUSTRALIAN CAPITAL TERRITORY, 2601 Australia', 'https://www.dnb.com/business-directory/company-profiles.funnelback_pty_ltd.722a698e639cd67e2e94f37209de6f91.html']",None,"['G 51 Allara Street Canberra, Australian Capital Territory, 2601 Australia', '/company/069f0544-f3a3-3688-9398-a3020997d980']"
5eb65f2cde8cab37cd68dffd,www.navitas.com/,https://www.navitas.com/,Navitas,"Level  8 , Brookfield Place, 125 St Georges Terrace, Perth WA 6000","['211 Newcastle St, Perth WA 6000, Australia', ['Navitas English Perth, address', 'knowledge_panel']]","['Level  8 , Brookfield Place, 125 St Georges Terrace, Perth WA 6000', 'Level  8 Brookfield Place 125 St Georges Terrace PERTH WA 6000 Australia']","['L 8 Brookfield Pl 125 St Georges Tce Perth, WESTERN AUSTRALIA, 6000 Australia', 'https://www.dnb.com/business-directory/company-profiles.navitas_limited.b27728407e450b2c25a9dfa7ee563689.html']","['C & A Accounting Services Limited, 12a Jack Conway Avenue, Manukau, Auckland2104NZ', 'https://opencorporates.com/companies/nz/1204356']","['L 3 255 Elizabeth Street Sydney, New South Wales, 2000 Australia', '/company/a34df7cb-cf1e-327c-a010-e831723c5e55']"
5eb6603b6e69c6f2e1092cf8,gotoassignmenthelp austraila,https://www.gotoassignmenthelp.com/,gotoassignmenthelp austraila,None,None,None,None,None,None
5eb661a6796445df9bfd756d,www.governanceinstitute.com.au,https://web.governanceinstitute.com.au/home/,Governance Institute of Australia,"Level  10 , 5 Hunter Street, Sydney NSW 2000",None,"['Level  10 , 5 Hunter Street, Sydney NSW 2000', 'Level  7 500 Collins Street MELBOURNE VIC 3000', 'Level  10 5 Hunter Street SYDNEY NSW 2000', '8 Victoria Avenue PERTH WA 6000', 'Level  8 100 Creek Street BRISBANE QLD 4000', '1594 , Sydney, NSW 2001']","['L 10 5 Hunter St Sydney, NEW SOUTH WALES, 2000 Australia', 'https://www.dnb.com/business-directory/company-profiles.governance_institute_of_australia_ltd.8ddba7b07e8448aadcb823b40d454092.html']",None,"['L 10 5 Hunter St Sydney, New South Wales, 2000 Australia (Primary Address) Show Secondary', '/company/e024612c-ecf9-3b6c-a5f7-3879a6fa2b1c']"
5eb6631b245b7e033d0f92ed,www.gradchat.com,http://www.gradchat.com/,Gradchat,None,None,None,None,None,None
5eb66401b0e60a643fae0467,Gradconnection austraila,https://au.gradconnection.com/,Gradconnection austraila,"500 "",""company_address"":""800 Toorak Rd, Hawthorn East VIC 3123","['11 York St, Sydney NSW 2000, Australia', ['GradConnection, address', 'knowledge_panel']]","['500 "",""company_address"":""800 Toorak Rd, Hawthorn East VIC 3123', '10 u002F110 Caroline Street, South Yarra. VIC 3141', 'Level  2 , 11 York Street Wynyard, Sydney 2000', '100 -"",""company_address"":""Level 6, 10 Help Street Chatswood NSW 2067']",None,None,None
5eb6651284c93e9e1b685024,www.growingup.co.nz/,http://www.growingup.co.nz/en.html,Growing Up in New Zealand,3 Waikato 1052,None,['3 Waikato 1052'],"['101 Williamson Avenue Grey Lynn Auckland,, AUCKLAND, 1021 New Zealand', 'https://www.dnb.com/business-directory/company-profiles.grow_up_magazine_limited.92aaf7d782bc7c46f988d27b1a36b7de.html']",None,None
5eb66682dc99a524418da337,Guiix austraila,https://my.fsf.org/civicrm/contribute/transact?reset=1&id=50,Guiix austraila,"14 Paradise Place Surfers Paradise, QUEENSLAND, 4217 Australia",None,None,"['14 Paradise Place Surfers Paradise, QUEENSLAND, 4217 Australia', 'https://www.dnb.com/business-directory/company-profiles.guiix_pty_ltd.3dca3cfd86b706d5.html']",None,None
5eb667a554cc6bc47dbfea44,www.heropa.com,https://www.heropa.com/,Heropa,"Level 26/1 Bligh St, Sydney NSW 2000","['Level 26/1 Bligh St, Sydney NSW 2000, Australia', ['Heropa, address', 'knowledge_panel']]","['Level 26/1 Bligh St, Sydney NSW 2000']",None,None,"['L 26 1-7 Bligh Street Sydney, New South Wales, 2000 Australia', '/company/c48f4693-6d27-3bab-8925-07b490b570cd']"
5eb6688cf9acda3a876322e4,www.humanedge.biz/,https://www.humanedge.biz/,Human Edge Software Corp,427 City Road   South Melbourne VIC 3205,None,"['427 City Road   South Melbourne VIC 3205', '88 Creek St Brisbane 4000']",None,None,None
5eb669883e6dc49bd6f1540f,Ignia austraila,https://www.signia-hearing.com.au/,Ignia austraila,"Level  4 , 11 Finchley Street Milton, QLD 4064 Australia",None,"['Level  4 , 11 Finchley Street Milton, QLD 4064 Australia']",None,None,None
5eb66a9b90f9dd06f1107866,Jibb austraila,http://jibbfoundation.org.au/,Jibb austraila,Level  30 9 Castlereagh Street Sydney NSW 2000  GPO Box 1462 Sydney NSW 2001,"['7/27-29 Dover Dr, Burleigh Heads QLD 4220, Australia', ['ASRF, address', 'knowledge_panel']]",['Level  30 9 Castlereagh Street Sydney NSW 2000  GPO Box 1462 Sydney NSW 2001'],None,None,None
5eb66bb449a0728d932475bc,jiangren.com.au,https://jiangren.com.au/,JR Academy,"155 Waymouth St, Adelaide SA 5000",None,"['155 Waymouth St, Adelaide SA 5000', '7 :30 am 地点 89-91 City Rd Southbank, 3006, Victoria Australia', '11 :00 am 地点 (Level2) 315 Brunswick StreetFortitude Valley QLD 4006', '7 :00 am 地点 89-91 City Rd Southbank, 3006, Victoria Australia', '14 %2F28UltimoRd,Ultimo NSW 2007', 'Level 2, 155 Queen St, Brisbane City QLD 4000', 'Level  3 , 11-31 York St, Wynyard, NSW 2000', 'Level 16, 215 Adelaide St, Brisbane QLD 4000', '28 UltimoRd,Ultimo, NSW 2007', 'Level  4 , 155 Queen St, Brisbane City QLD 4000']",None,None,"['U 13B 116 Adelaide St Brisbane, Queensland, 4000 Australia', '/company/48387ef0-ffeb-37f6-afea-3bf5353a1876']"
5eb66ce4535d821544a14dee,sitter.com austraila,https://www.sittr.com/,sitter.com austraila,None,None,None,None,None,None
5eb66dabf3d5b58ef16a4c74,www.ltt.com.au,https://www.ltt.com.au/,LabTech Training,"371-373 George St, Fitzroy VIC 3065, Australia","['371-373 George St, Fitzroy VIC 3065, Australia', ['LTT Melbourne, address', 'knowledge_panel']]",None,None,None,"['25 Colray Ave Osborne Park, Western Australia, 6017 Australia', '/company/aee30512-9037-3fec-b173-d503832b1684']"
5eb66e99e95b7d86f2518828,Learnable austraila,https://www.sitepoint.com/community/t/learnable-com-free-training-for-australian-students/33922,Learnable austraila,PO Box 1115 COLLINGWOOD VIC 3066,None,"['PO Box 1115 COLLINGWOOD VIC 3066', 'Level  1 110 Johnston St, Fitzroy VIC 3065 Australia']",None,None,None
5eb66fa738555190120005d2,www.literatu.com/,https://www.literatu.com/,Literatu,103 /109 Alexander Street CROWS NEST NSW 2065 Australia,"['109 Alexander St, Crows Nest NSW 2065, Australia', ['Literatu, address', 'knowledge_panel']]","['103 /109 Alexander Street CROWS NEST NSW 2065 Australia', 'Suite  103 -4 109 Alexander Street CROWS NEST Sydney NSW AUSTRALIA', 'Suite  103 -4 109 Alexander Street  CROWS NEST Sydney NSW AUSTRALIA 2065', 'Suite  103 /109 Alexander Street CROWS NEST SYDNEY, NSW AUSTRALIA 2065']",None,None,"['109 Alexander Street Crows Nest, New South Wales, 2065 Australia', '/company/05211a5d-4bcf-3baa-8b15-e239529ee619']"
5eb670c2382a70cea3c90149,www.livewebtutors.com/,https://www.livewebtutors.com/,LiveWebTutors,"Suite 501/280 Pitt St, Sydney NSW 2000, Australia","['Suite 501/280 Pitt St, Sydney NSW 2000, Australia', ['Assignment Help Sydney - LiveWebTutors, address', 'knowledge_panel']]","['Suite  501 , 280 Pitt Street Sydney 2000']",None,None,None
5eb672382cf60f5b673dc845,www.logitrain.com.au,https://www.logitrain.com.au/,Logitrain,410 Elizabeth Street Surry Hills NSW 2010,"['53 Dryburgh St, West Melbourne VIC 3003, Australia', ['Logitrain Melbourne | IT Training Courses, address', 'knowledge_panel']]","['410 Elizabeth Street Surry Hills NSW 2010', '53 Dryburgh Street West Melbourne VIC 3003', 'Suite  1 .02 147 Wharf Street Spring Hill QLD 4000', '28 Astor Terrace, Spring Hill QLD 4000', 'Unit  3 , Lower Ground, 301A Castlereagh Street, Sydney NSW 2000']",None,None,"['L 19 201-217 Kent St Sydney, New South Wales, 2000 Australia', '/company/768da2bb-5c74-39ae-b548-ac577cc60ea7']"
5eb6734f61272a1489607d7c,www.managementtutors.com/,https://www.managementtutors.com/,Management Tutors,None,None,None,None,None,None
5eb6746b3f8078c646a32068,www.mathsrepublic.com.au,https://www.mathsrepublic.com.au/,MathsRepublic,None,None,None,None,None,None
5eb675384beae11731a0ce35,me3d.com.au/,https://me3d.com.au/,Me3D,3 /239 Innovation Way North Wollongong NSW 2500,"['iAccelerate Centre, Innovation Way, North Wollongong NSW 2500, Australia', ['Me3D Pty Ltd, address', 'knowledge_panel']]","['3 /239 Innovation Way North Wollongong NSW 2500', '239 , Innovation Campus, Squires Way, North Wollongong NSW 2500 Australia', '239 , Innovation Campus, Squires Way, North Wollongong NSW 2500']",None,None,None
5eb676209d0d155a1c6530f3,www.3dorganon.com/,https://www.3dorganon.com/,Medis Media,"2 /23 Illawong St, Surfers Paradise, Gold Coast, Queensland 4217 Australia","['Gold Coast, 2/No 23 Illawong St, Surfers Paradise QLD 4217, Australia', ['Medis Media Pty Ltd, address', 'knowledge_panel']]","['2 /23 Illawong St, Surfers Paradise, Gold Coast, Queensland 4217 Australia', 'Unit  2 , No 23, Illawong Street, Surfers Paradise, Gold Coast, Queensland 4217']",None,None,"['U 2 23 Illawong Street Surfers Paradise, Queensland, 4217 Australia', '/company/b8581991-54cd-33f1-a864-3e9fc4886118']"
5eb6777b140e783b3524f4d9,millipede.com.au,https://millipede.com.au/,Milliped,1 Kent Street Millers Point NSW 2000 Australia,"['380 St Kilda Rd, Melbourne VIC 3004, Australia', ['Millipede, address', 'knowledge_panel']]","['1 Kent Street Millers Point NSW 2000 Australia', 'Level  11 380 St Kilda Rd Victoria 3004 Australia']",None,None,None
5eb6783b3dd775bea489b02d,www.minded.co.nz,https://www.minded.co.nz/,Minded,"3 Market Lane, Wellington 6011 New Zealand","['86/92 Mount St, Heidelberg VIC 3084, Australia', ['Mind Australia Limited, address', 'knowledge_panel']]","['3 Market Lane, Wellington 6011 New Zealand', '3 Market Lane, Wellington 6011', '79 St Georges Bay Rd Parnell Auckland 1052']","['Le 4 354 Lambton Quay Wellington Central Wellington, WELLINGTON, 6011 New Zealand', 'https://www.dnb.com/business-directory/company-profiles.minded_limited.0f799e381d09436e134ea6f48b42ff8d.html']",None,"['45 Delawney Street Balcatta, Western Australia, 6021 Australia', '/company/ec3165f6-f388-3db9-8ede-d8085a62c9d8']"
5eb67952c38498d75c86627f,www.modernstar.com/,https://www.modernstar.com/,Modern Star,"Level  1 , 122-126 Old Pittwater Road Brookvale, NSW 2100 Australia","['122-126 Old Pittwater Rd, Brookvale NSW 2100, Australia', ['Modern Star Pty, address', 'knowledge_panel']]","['Level  1 , 122-126 Old Pittwater Road Brookvale, NSW 2100 Australia', 'Level  1 , 122-126 Old Pittwater Road Brookvale, NSW 2100', 'PO Box 6614 , Frenchs Forest, NSW 2086']","['L 1 122-126 Old Pittwater Rd Brookvale, NEW SOUTH WALES, 2100 Australia', 'https://www.dnb.com/business-directory/company-profiles.modern_star_pty_limited.737c3c913424ce3d.html']",None,"['L 1 122-126 Old Pittwater Rd Brookvale, New South Wales, 2100 Australia (Primary Address) Show Secondary', '/company/5e5b5536-17b5-3548-88a7-e7ca63f600df']"
5eb67a4c109ddab70aec7b2d,www.motivationalspeakeradelaide.com.au/,https://www.motivationalspeakeradelaide.com.au/,Motivational Speaker Adelaide,None,None,None,None,None,None
5eb67bc12373d9a910e8750f,www.myassignmentservices.com,https://www.myassignmentservices.com/,My Assignment Services,"4 /64-66 Castlereagh St. Liverpool, NSW Australia 2170","['4/64-66 Castlereagh St, Liverpool NSW 2170, Australia', ['Assignment Help in Australia - My Assignment Services, address', 'knowledge_panel']]","['4 /64-66 Castlereagh St. Liverpool, NSW Australia 2170', '40 Brooker Hwy, Hobart TAS 7000', '4 /64-66 Castlereagh St Liverpool, NSW Australia', '1 Maritime Way, Newnham Tasmania 7248', '4 /64-66 Castlereagh St. Liverpool, NSW 2170 Australia', '4 /64-66 Castlereagh St. Liverpool, NSW 2170', '20 College Road, Sandy Bay Tasmania 7005', '4 /64-66 Castlereagh St Liverpool, NSW, 2170 Australia']",None,None,None
5eb67d3dd9818bcd44884d39,My Focusbook austraila austraila,https://www.pascalpress.com.au/steve-parish-hardcover-book-australia-in-focus-australia/,My Focusbook austraila austraila,"Level  15 , 233 Castlereagh Street Sydney NSW 2000",None,"['Level  15 , 233 Castlereagh Street Sydney NSW 2000', '655 Parramatta Road Leichhardt, NSW 2040 Australia', '655 Parramatta Road  Leichardt NSW 2040 Australia', '15 -23 Helles Avenue  Moorebank NSW 2170 Australia']",None,None,None
5eb67e66b7921dcf1c2e6805,www.mygeniusmind.com/,https://www.mygeniusmind.com/,My Genius Mind,115 Victoria Street Melbourne Vic 3000 Australia,None,['115 Victoria Street Melbourne Vic 3000 Australia'],None,None,None
5eb67fa821374c1c36ea76bb,www.myassignmenthelp.net/,https://www.myassignmenthelp.net/,MyAssignmentHelp.net,9 Tanbark  Circuit Werrington  Downs NSW 2747,"['9 Tanbark Cct, Werrington Downs NSW 2747, Australia', ['myassignmenthelp, address', 'knowledge_panel']]","['9 Tanbark  Circuit Werrington  Downs NSW 2747', '1 /31 Market St Sydney NSW 2000', '9 Tanbark  Circuit Werrington  Downs NSW 2747 Australia', '6 Gumnut Drv. Dandenong South. Victoria 3175']",None,None,None
5eb680d98c70c48229cd26b6,myassignmenthelpaustralia.com.au/,https://myassignmenthelpaustralia.com.au/,myassignmenthelpaustralia,None,None,None,None,None,None
5eb6820dcc1fecfea5009f48,MyndLyte austraila,https://www.apollo.io/companies/MyndLyte/556ddb17736964121f92bb01,MyndLyte austraila,None,None,None,None,None,None
5eb682ecd810c81378eb806d,nationalmusicacademy.com.au/,https://www.nationalmusicacademy.com.au/,National Music Academy,461 King St Newcastle West NSW 2302,"['South Melbourne Town Hall (entry off, Layfield Street, 210 Bank St, South Melbourne VIC 3205, Australia', ['Australian National Academy of Music (ANAM), address', 'knowledge_panel']]","['461 King St Newcastle West NSW 2302', '182 -222 Lake Rd, Wallsend NSW 2287', '2302 Maitland Campus - 416A High St, Maitland NSW 2320']",None,"['MUSWELLBROOK2333New South WalesAustralia', 'https://opencorporates.com/companies/au/628712667']","['210 Bank St South Melbourne, Victoria, 3205 Australia', '/company/8cf88859-54c2-399d-ae5a-5753d43761fe']"
5eb68405b8f3f1e1b3084a52,nativetongue.com,http://www.nativetongue.com/,Native Tongue,"PO Box 1570 Collingwood, VIC 3066",None,"['PO Box 1570 Collingwood, VIC 3066', 'PO Box 1570 Collingwood, VIC 3066 Australia', 'PO Box 8926 Symonds Street, Auckland 1150 New Zealand', 'PO Box 8926 Symonds Street Auckland 1150', 'PO Box 8926 Symonds Street Auckland 1150 New Zealand', 'PO Box 8926 Symonds Street, Auckland 1150']","['PO BOX 1570 COLLINGWOOD, VICTORIA, 3066 Australia', 'https://www.dnb.com/business-directory/company-profiles.native_tongue_music_publishing_pty_ltd.d0b60c66738b906c513e2d147a634f72.html']","['17 Macleans Road, Bucklands Beach, Auckland2014NZ', 'https://opencorporates.com/companies/nz/7927936']","['Po Box 1570 Collingwood, Victoria, 3066 Australia (Primary Address) Show Secondary', '/company/1e9f2d8c-0616-33e0-80f6-ba59a4a7a2f6']"
5eb6853a626f824ef428e315,www.netspot.com.au,https://www.netspotapp.com/,NetSpot,None,None,None,None,None,None
5eb688a782ee2ac4699515f2,soarprint austraila,https://www.soarprint.co.nz/,soarprint austraila,"100 New North Rd, Eden Terrace, Auckland 1021",None,"['100 New North Rd, Eden Terrace, Auckland 1021', '100 New North Rd Eden Terrace, Auckland 1021', 'PO Box 8417 Symonds Street Auckland New Zealand']",None,None,None
5eb689814e048265dd507dbc,www.omnium.net.au,http://www.omnium.net.au/,Omnium,"308 & 309, 2-8 Brookhollow Avenue,  Baulkham Hills, NSW 2153",None,"['308 & 309, 2-8 Brookhollow Avenue,  Baulkham Hills, NSW 2153', '308 & 309 2-8 Brookhollow Avenue, Baulkham Hills, NSW 2153']",None,None,"['45 Melbourne Avenue Forrest, Australian Capital Territory, 2603 Australia', '/company/668817ef-2035-3541-bc1a-0486c1416268']"
5eb68a771a268ae85ef97960,openlearning.com,https://www.openlearning.com/,OpenLearning,"Level  2 235-239 Commonwealth Street Surry Hills, NSW 2010",None,"['Level  2 235-239 Commonwealth Street Surry Hills, NSW 2010']",None,None,None
5eb68b52298db2bd4cebdd0e,openstem.com.au/,https://openstem.com.au/programs,OpenSTEM Pty Ltd,"PO Box 327 , Arana Hills QLD 4054","['Arana Hills QLD 4054, Australia', ['OpenSTEM Pty Ltd, address', 'knowledge_panel']]","['PO Box 327 , Arana Hills QLD 4054']",None,None,None
5eb68c65501e64174bede873,www.paddl.com,https://www.paddl.com/,Paddl Co.,"Level 19 - JustCo Offices, 15 William St, Melbourne VIC 3000, Australia","['Level 19 - JustCo Offices, 15 William St, Melbourne VIC 3000, Australia', ['Paddl Co., address', 'knowledge_panel']]",None,None,None,None
5eb68d458e708541f4671189,Pallas ALS austraila,https://pallascollective.com/,Pallas ALS austraila,"208 Glenmore Road, Paddington NSW 2021",None,"['208 Glenmore Road, Paddington NSW 2021']",None,None,None
5eb68e2fab2ce0451e2b4056,programminghomeworktutors.com/index.php,https://programminghomeworktutors.com/,ProgrammingHomeworkTutors,None,None,None,None,None,None
5eb68edce0b5b75b05fba1e6,www.prospereducation.com/,https://www.prospereducation.com/,Prosper Education,"Suite  501 , 19a Boundary Street, Darlinghurst, NSW 2010","['19A Boundary St, Darlinghurst NSW 2010, Australia', ['Prosper Education, address', 'knowledge_panel']]","['Suite  501 , 19a Boundary Street, Darlinghurst, NSW 2010']",None,None,"['19A Boundary Street Darlinghurst, New South Wales, 2010 Australia', '/company/c45ec25a-330a-3fe0-92de-1123e78a939e']"
5eb690038f7f6e26b6253fd5,Real First Aid austraila,https://www.realresponse.com.au/,Real First Aid austraila,"138 Bondi Road, Bondi NSW 2026","['Dymocks Building, level 5, Suite 17/428 George St, Sydney NSW 2000, Australia', ['Australia Wide First Aid Sydney, address', 'knowledge_panel']]","['138 Bondi Road, Bondi NSW 2026', '9 Pakington St St Kilda VIC 3182', '2 Maxwell Ave Milperra NSW 2214', '2152 Castlereagh Rd, Penrith NSW 2750', '130 Herring Rd, Macquarie Park NSW 2113', '71 Beach Rd, Bondi Beach NSW 2026', '31 Birrell St Bondi Junction NSW 2022', '3220 Perth Office  45 St Georges Terrace, Perth 6000', '60 Playne Street Frankston VIC 3199', '3182 Sydney Office  135-153 New South Head Road, Edgecliff, NSW 2027', '8 River Rd Ermington NSW 2115', '185 Malop Street, Geelong VIC 3220', '2 Huntley St, Alexandria NSW 2015', 'Level  3 /50 York St, Sydney NSW 2000', 'Level  1 , 3 Wellington Street St Kilda VIC 3182', '1 /3 Wellington St, St Kilda VIC 3182']",None,"['GYMPIE4570QueenslandAustralia', 'https://opencorporates.com/companies/au/624422153']",None
5eb690bd8d99ac316303ffb6,rockmelon.com/,https://rockmelon.com/,Rockmelon,"Level  6 , 11-31 York Street, Sydney NSW 2000",None,"['Level  6 , 11-31 York Street, Sydney NSW 2000']",None,"['41 Keppell Street, Grey Lynn, AucklandNZ', 'https://opencorporates.com/companies/nz/1210139']","[""'the Studio' Level 6 , 11-31 York Street Sydney, New South Wales, 2000 Australia"", '/company/2bedc6fe-33ab-354d-b477-df5bf487dcd2']"
5eb6918fa2e66438837c2d83,School of Music Online austraila,https://www.distancelearningportal.com/study-options-c/bachelors/271745128/music-australia.html,School of Music Online austraila,None,None,None,None,None,None
5eb6925a31a5f94e1207b916,www.schoolzine.com/,https://www.schoolzine.com/,Schoolzine,"5 /13 Evans Street, Maroochydore, Queensland Australia 4558","['Unit 7/48 School Rd, Maroochydore QLD 4558, Australia', ['Schoolzine, address', 'knowledge_panel']]","['5 /13 Evans Street, Maroochydore, Queensland Australia 4558', '66 2106 4140 Schoolzine Pty Ltd 48 School Road Maroochydore, QLD Australia 4558', '48 School Road Maroochydore, QLD Australia', '1300 795 503  Schoolzine Pty Ltd 48 School Road Maroochydore, QLD Australia 4558']","['123 Burnett Street Ashburton,, CANTERBURY, 7700 New Zealand', 'https://www.dnb.com/business-directory/company-profiles.schoolzine_limited.d5ae0bc434c6f5cb8e179b5b526b10f1.html']",None,"['U 7 48 School Road Maroochydore, Queensland, 4558 Australia', '/company/a0c5aa8f-6870-3a95-8742-724da8ac7a7f']"
5eb6944565d7b2466379f198,www.secureassignmenthelp.com/,http://www.secureassignmenthelp.com/,Secure Assignment Help,"55 Secure Assignment House, Elizabeth Street, Sydney, NSW 2000","['Ground Floor/430 Little Collins St, Melbourne VIC 3000, Australia', ['Secure Assignment Help Melbourne | Essay Writing Service - Best Professional Writers Australia, address', 'knowledge_panel']]","['55 Secure Assignment House, Elizabeth Street, Sydney, NSW 2000']",None,None,None
5eb694f59c10ae1d407b7c2a,Skills Oz austraila,https://www.visabureau.com/australia/skilled-occupation-list.aspx,Skills Oz austraila,None,None,None,None,None,None
5eb695e1ffe996bbe09292fe,activebabiessmartkids.com.au,https://activebabiessmartkids.com.au/,Smart Kids Video,3095 KEW VIC 3101,None,['3095 KEW VIC 3101'],None,None,None
5eb696f6ef36438bec383b7e,SoccerBrain austraila,https://www.smh.com.au/national/heading-to-a-crisis-experts-call-on-soccer-to-cut-down-on-headers-after-brain-risks-revealed-20191101-p536oa.html,SoccerBrain austraila,506 Sydney NSW 2001,None,['506 Sydney NSW 2001'],None,None,None
5eb697cac579ca076779cb0f,codelikeagirl.org/,https://codelikeagirl.org/,Code Like a Girl,"48 Kelso Street Cremorne, Victoria, 3121 Australia",None,None,None,None,"['48 Kelso Street Cremorne, Victoria, 3121 Australia', '/company/7c753d29-63c6-3932-b812-2913e8d27c28']"
5eb698a46de98c90f95a497d,startupmelbourne.com,http://startupmelbourne.com/,Startup Melbourne,"1 Queens Road"",""addressLine2"":""Melbourne, VIC 3004","['1 Queens Rd, Melbourne VIC 3004, Australia', ['Startup Melbourne (A DreamPushers Company), address', 'knowledge_panel']]","['1 Queens Road"",""addressLine2"":""Melbourne, VIC 3004']","['L 17 31 Queen Street Melbourne, VICTORIA, 3000 Australia', 'https://www.dnb.com/business-directory/company-profiles.the_trustee_for_startup_foundation_trust.1bd9be28702603778d1238c7dcbed277.html']","['PORT MELBOURNE3207VictoriaAustralia', 'https://opencorporates.com/companies/au/148125151']","['51 Station Street Port Melbourne, Victoria, 3207 Australia', '/company/21e4138f-7cde-3615-b14e-c4de3ec50288']"
5eb699a671806057e76f0141,www.studentassignmenthelp.com/,https://www.studentassignmenthelp.com/,Student Assignment Help,"586 , Little Collins St , Melbourne Victoria Australia 3000","['32 Becharry Rd, Blacktown NSW 2148, Australia', ['Assignment Help for Australian Students | Melbourne, Sydney, address', 'knowledge_panel']]","['586 , Little Collins St , Melbourne Victoria Australia 3000']",None,None,None
5eb69a7d5587c492135fd56c,www.supplychainschool.org.au,https://www.supplychainschool.org.au/,Supply Chain Sustainability School,"255 Wilson Street,  Everleigh, NSW 2015",None,"['255 Wilson Street,  Everleigh, NSW 2015']",None,None,None
5eb69b6fc6cad85bd913e12a,www.switchinc.com.au,http://www.switchinc.com.au/,Switch Inc.,None,None,None,None,None,None
5eb69c52d1ecab806f2beead,www.talkiplay.com/,https://www.talkiplay.com/,TalkiPlay,None,None,None,None,None,None
5eb69cefc81bdf1aac4bf6a1,www.teachertime.com.au,https://www.teachertime.com.au/,TeacherTime,None,None,None,None,None,None
5eb69e087e9ea4385e20beed,www.negotiations.com,https://www.negotiations.com/,Negotiation Experts,"Level  25 , 88 Phillip St, Sydney NSW 2000",None,"['Level  25 , 88 Phillip St, Sydney NSW 2000', 'Level  25 , 88 Phillip St Sydney NSW 2000 Australia', 'Level  25 , 88 Phillip St, Sydney NSW 2000 Australia']","['AURORA PLACE 25/88 PHILLIP STREET SYDNEY, NEW SOUTH WALES, 2000 Australia', 'https://www.dnb.com/business-directory/company-profiles.the_negotiation_experts_pty_ltd.0cd2a08692df16cc6c6fdee6053f62f2.html']",None,"['Aurora Place 25/88 Phillip Street Sydney, New South Wales, 2000 Australia', '/company/8a243724-248e-360e-9c99-a7d1a3336226']"
5eb69f48a04ce33b509b4895,www.theicehouse.co.nz/,https://www.theicehouse.co.nz/,The ICEHOUSE,"PO Box 4301, Shortland Street, Auckland 1140 New Zealand","['Ground/105 Pearl River Rd, Docklands VIC 3008, Australia', [""O'Brien Icehouse, address"", 'knowledge_panel']]","['PO Box 4301, Shortland Street, Auckland 1140 New Zealand']",None,"['The Textile Centre, Level 4, 117-125 St Georges Bay Road, Parnell, Auckland1052NZ', 'https://opencorporates.com/companies/nz/1148205']","['Ub1-B2 57-65 Templar Rd Erskine Park, New South Wales, 2759 Australia', '/company/8f38fddc-2688-327e-bca9-55cafc90ed24']"
5eb6a058cd265d6ef2ee766f,THE PULSE IQ austraila,https://www.smartcompany.com.au/startupsmart/news/content-agency-the-pulse-receives-560000-government-commercialisation-grant-for-vr-education-platform/,THE PULSE IQ austraila,"Level  6 , 22 William St,  Melbourne VIC 3000",None,"['Level  6 , 22 William St,  Melbourne VIC 3000', 'Level  6 , 22 William St Melbourne, 3000 Australia', 'Level  6 , 22 William Street  MELBOURNE VIC 3000']",None,None,None
5eb6a12f7ef80a97c531cc67,Totara Learning Solutions austraila,http://www.totaralearning.com/en/partners/my-learning-space,Totara Learning Solutions austraila,"Level  2 , 186 Willis Street, Te Aro, Wellington Wellington 6011 New Zealand",None,"['Level  2 , 186 Willis Street, Te Aro, Wellington Wellington 6011 New Zealand']","['11 TOTARA CT ORMEAU, QUEENSLAND, 4208 Australia', 'https://www.dnb.com/business-directory/company-profiles.the_trustee_for_the_pk_trust.da15ab54eabd40013e7db2c546a21e80.html']","['Totara Learning Solutions Limited, Level 2, 186 Willis Street, Te Aro, Wellington6011NZ', 'https://opencorporates.com/companies/nz/3107649']",None
5eb6a21fe632eaf0b1d593db,Training Advisor austraila,https://au.indeed.com/Training-Advisor-jobs,Training Advisor austraila,"80 %99College&l=NorthRydeNSW',loc:'Pymble NSW 2073",None,"[""80 %99College&l=NorthRydeNSW',loc:'Pymble NSW 2073""]",None,None,None
5eb6a63fc0820e4534126e94,Tutor On Demand austraila,https://www.pearson.com.au/educator/university/university-institutional-offers/on-demand-tutoring/,Tutor On Demand austraila,707 Collins Street Melbourne VIC 3008,None,"['707 Collins Street Melbourne VIC 3008', '40 004 245 943 of 707 Collins Street, Melbourne, Victoria Australia 3008']","['203 Langridge St Abbotsford, VICTORIA, 3067 Australia', 'https://www.dnb.com/business-directory/company-profiles.tutor_on_demand_pty_ltd.9d9b304f7448e521.html']",None,None
5eb6a72dfc5d1c47d4ca9cd1,www.cadmus.io/,https://cadmus.io/,Vericus,"204B Wellington Street Collingwood, Victoria, 3066 Australia",None,None,None,None,"['204B Wellington Street Collingwood, Victoria, 3066 Australia', '/company/e021372e-000f-32d5-b8f6-839790608c15']"
5eb6a8462d272649f7b4df95,vidversity.com/,https://vidversity.com/,Vidversity,"606 /343 Little Collins Street Melbourne, Vic 3000 Australia","['606/343 Little Collins St, Melbourne VIC 3000, Australia', ['VidVersity, address', 'knowledge_panel']]","['606 /343 Little Collins Street Melbourne, Vic 3000 Australia', '606 /343 Little Collins Street Melbourne, Vic 3000', '606 /343 Little Collins Street Melbourne,  Vic 3000 Australia']",None,None,"['L 6 Se 606 343 Little Collins Street Melbourne, Victoria, 3000 Australia', '/company/9dd874dc-98b6-35dc-8814-3551dbd8783c']"
5eb6a930b440ebf60d42d6c2,www.workstar.com.au,https://www.workstar.com.au/,Workstar,"Level 1 235 – 239 Commonwealth Street Surry Hills, NSW 2010","['level 1/235 – 239 Commonwealth St, Surry Hills NSW 2010, Australia', ['Workstar, address', 'knowledge_panel']]","['Level 1 235 – 239 Commonwealth Street Surry Hills, NSW 2010']",None,"['MELBOURNE3004VictoriaAustralia', 'https://opencorporates.com/companies/au/619867613']","['L 1 235 Commonwealth Street Surry Hills, New South Wales, 2010 Australia', '/company/4ad046da-42fe-3541-b2d3-a9aef16c06fa']"
5eb6aa15b5b4db2c7393254c,www.compass.education,https://www.compass.education/,Compass Education,"74 Doncaster Road Balwyn North, Melbourne, Victoria Australia","['north, 2/74 Doncaster Rd, Balwyn VIC 3104, Australia', ['Compass Education, address', 'knowledge_panel']]","['74 Doncaster Road Balwyn North, Melbourne, Victoria Australia']","['Shop 7b, 7 Nell Place Raumanga Whangarei,, NORTHLAND, 0110 New Zealand', 'https://www.dnb.com/business-directory/company-profiles.compass_education_international_limited.659ffbba85f3e9940600b8aa1d4d0201.html']",None,"['35-51 Mitchellst McMahons Point, New South Wales, 2060 Australia (Primary Address) Show Secondary', '/company/f7d0a994-37d5-3a6c-ba12-0e7a7eaac7dc']"
5eb6ab260aef4a583d77118f,seqta.com.au,https://seqta.com.au/,SEQTA,1 Davey St Hobart Tasmania 7000 Australia,"['Level 2/52 Davidson Terrace, Joondalup WA 6027, Australia', ['SEQTA, address', 'knowledge_panel']]","['1 Davey St Hobart Tasmania 7000 Australia', '8 Whiteman St Southbank, VIC, 3006 Australia', 'Level  2 , 52 Davidson Terrace Joondalup WA 6027', '113 Queen Street Melbourne 3000 Australia', '93 Beach St Queenstown , 9300 New Zealand', '2684 -2690 Gold Coast Hwy, Broadbeach, Queensland 4218 Australia', '116 Sussex Street   Sydney , NSW 2000 Australia', 'PO Box 740 Joondalup WA 6919', '1 Convention Centre Place, South Wharf, Victoria 3006 Australia', '7 Staghorn Ave Surfers Paradise QLD 4217 Australia', '90 William Street Sydney ,  NSW 2011 Australia', '14 Darling Dr   Sydney , NSW 2000 Australia', '4 /303 Burwood Highway Burwood East VIC 3151', '17 Potters Hill Road San Remo Victoria 3925 Australia', '4 /303-313 Burwood Highway, Burwood East, VIC 3151 Australia', '9 Nicholson Street   Carlton , Victoria 3053 Australia', '14 Darling Drive   Sydney , NSW 2009 Australia']","['L 2 52 DAVIDSON TERRACE JOONDALUP, WESTERN AUSTRALIA, 6027 Australia', 'https://www.dnb.com/business-directory/company-profiles.seqta_software_pty_ltd.5dac67a94a53fd7f9c027fedf22b004b.html']","['JOONDALUP6027Western AustraliaAustralia', 'https://opencorporates.com/companies/au/612397314']","['L 2 52 Davidson Terrace Joondalup, Western Australia, 6027 Australia (Primary Address) Show Secondary', '/company/65b5400f-1637-3315-bf13-913968791fc9']"
5eb6ac1bfff106a6f58c42e7,www.synergetic.net.au,https://www.synergetic.net.au/,Synergetic,2010 Synergetic employs its first interstate staff member in WA 2013,"['303 Burwood Hwy, Burwood East VIC 3151, Australia', ['Synergetic Management Systems, address', 'knowledge_panel']]","['2010 Synergetic employs its first interstate staff member in WA 2013', 'Suite  4 .01, Level 4, 655 Pacific Highway St Leonards, NSW 2065', 'Suite  4 .01, Level 4, 655 Pacific Highway St Leonards, NSW 2065 Australia', '4 , 303 Burwood Highway Burwood East, Vic 3151', 'Level  4 , 655 Pacific Highway St Leonards, NSW 2065 Australia', 'Level  2 , 52 Davidson Terrace, Joondalup, WA 6027', 'Level  2 , 52 Davidson Terrace, Joondalup, WA 6027 Australia', '4 /303-313 Burwood Hwy, Burwood East, Victoria 3151 Australia', '4 /303-313 Burwood Highway, Burwood East, VIC 3151 Australia', '4 /303-313 Burwood Hwy, Burwood East, Victoria 3151']",None,None,"['L1 U4 303-313 Burwood Hwy Burwood East, Victoria, 3151 Australia', '/company/ec5d6436-7866-3ef3-8b79-4c378629ef90']"
5eb6ad1662db4e6c180a378b,www.axcelerate.com.au,https://www.axcelerate.com.au/,Axcelerate,"11 Camford Street, Milton, QLD 4064","['11 Camford St, Milton QLD 4064, Australia', ['aXcelerate, address', 'knowledge_panel']]","['11 Camford Street, Milton, QLD 4064', '11 Camford Street MILTON, QLD 4064', 'PO Box 1351, Toowong, QLD 4066']",None,None,None
5eb6ae390bdb0b194f41f9b3,www.timetabling.com.au,https://www.timetabling.com.au/,Timetabling Solutions,"Level  3 , 49 Malop St, Geelong, VIC 3220 AUSTRALIA","['3/49 Malop St, Geelong VIC 3220, Australia', ['Timetabling Solutions, address', 'knowledge_panel']]","['Level  3 , 49 Malop St, Geelong, VIC 3220 AUSTRALIA', 'Level  3 , 49 Malop St Geelong, VIC 3220 AUSTRALIA', 'Po Box 4033 GEELONG VIC AUSTRALIA 3220', 'Level  3 , 49 Malop St, Geelong, VIC 3220', 'PO BOX 4033 GEELONG VIC 3220']","['L 1 / 49 MALOP ST GEELONG, VICTORIA, 3220 Australia', 'https://www.dnb.com/business-directory/company-profiles.the_trustee_for_tts_business_trust.0a643b76dbae11d9a9aaf94ab0c95092.html']",None,"['3/49-51 Malop Street Geelong, Victoria, 3220 Australia', '/company/7066c8eb-743f-373d-a8d4-12de0df3b0a8']"
5eb6af2a6012ca09c1728130,passtab.com,https://passtab.com/,Passtab,"Suite  8 , 410 Burwood Highway, Wantirna South, Victoria 3152",None,"['Suite  8 , 410 Burwood Highway, Wantirna South, Victoria 3152']",None,None,None
5eb6afc4e15b344d1a3aafa0,www.sentral.com.au,https://www.sentral.com.au/,Sentral,"Level  1 , 67 Albert Avenue, Chatswood NSW 2067","['1/67 Albert Ave, Chatswood NSW 2067, Australia', ['Sentral Education, address', 'knowledge_panel']]","['Level  1 , 67 Albert Avenue, Chatswood NSW 2067', '814 , Chatswood NSW 2067', 'PO Box 814 Chatswood NSW 2057 Australia']","['1/67 ALBERT AVENUE CHATSWOOD, NEW SOUTH WALES, 2067 Australia', 'https://www.dnb.com/business-directory/company-profiles.sentral_pty_ltd.82a850c6701a0d1d982381692fe1a759.html']",None,"['1/67 Albert Avenue Chatswood, New South Wales, 2067 Australia (Primary Address) Show Secondary', '/company/08d556d3-75c3-3559-a8e2-ab387e29ae86']"
5eb6b19b1c6e630676c62445,schoolbox.com.au,https://schoolbox.com.au/,Schoolbox,"25 Chapel Street, St Kilda VIC 3182 Australia","['Level 6/697 Burke Rd, Camberwell VIC 3124, Australia', ['Schoolbox Pty. Ltd., address', 'knowledge_panel']]","['25 Chapel Street, St Kilda VIC 3182 Australia']",None,None,"['L 6 697 Burke Road Camberwell, Victoria, 3124 Australia', '/company/d04f2dc4-8841-3c0f-a302-2a00812d0017']"
5eb6b2a5a9211572420260e9,www.bibliotech.com.au,https://www.bibliotech.com.au/,Bibliotech,913 /43 Therry Street Melbourne VIC 3000,"['17 Keith St, Hampton East VIC 3188, Australia', ['BiblioTECH, address', 'knowledge_panel']]","['913 /43 Therry Street Melbourne VIC 3000', '913 /43 Therry Street Melbourne VIC 3000 Australia', '43 TherryStreet,Melbourne VIC 3000', '913 /43 Therry Street Melbourne CBD 3000 Victoria Australia', '913 /43 Therry Street Melbourne VIC. 3000 Australia']",None,None,"['U 913 43 Therry St Melbourne, Victoria, 3188 Australia', '/company/623a81d3-8acc-3f61-8c81-5e3779ea22e0']"
5eb6b38eeb5e21b75a0d7cdb,www.edumate.com.au,https://www.edumate.com.au/,Edumate,"Level  10 , World Trade Centre 611 Flinders Street Melbourne, VIC 3005","['14/538 Gardeners Rd, Alexandria NSW 2015, Australia', ['Edumate, address', 'knowledge_panel']]","['Level  10 , World Trade Centre 611 Flinders Street Melbourne, VIC 3005', 'Unit  14 , 538 Gardeners Road Alexandria NSW, 2015 Australia', 'Unit 14, 538 Gardeners Road Alexandria NSW 2015', 'Unit 14, 538 Gardeners Road Alexandria NSW 2015 Australia', 'Unit  14 , 538 Gardners Road Alexandria, NSW 2015']",None,None,"['Unit 14 , 538 Gardeners Road Alexandria, New South Wales, 2015 Australia', '/company/85de5fc9-46f5-36ca-adcb-a357bbd41dfe']"
5eb6b45f4dab807be8d7a28a,www.simonschools.net,https://www.simonschools.net/,Simon Schools,8 Dawson Street South Ballarat Central VIC 3350,None,['8 Dawson Street South Ballarat Central VIC 3350'],None,None,"['11 Attunga St Sheidow Park, South Australia, 5158 Australia', '/company/5a38c830-ca57-3e01-b17a-ddaae321c8e3']"
5eb6b53fd8471918b43146b7,www.pcschool.net,https://www.pcschool.net/,PC School,"PO Box 322 , Yeppoon QLD 4703","['229 Australia St, Newtown NSW 2042, Australia', ['Australia Street Infants School, address', 'knowledge_panel']]","['PO Box 322 , Yeppoon, Qld 4703 Au', 'PO Box 322 , Yeppoon, Qld 4703', 'PO Box 322 , Yeppoon QLD 4703']",None,None,"['4 Aulberry Pde Leeming, Western Australia, 6149 Australia', '/company/9713d68a-e63f-3c59-832c-a588798b14b1']"
5eb6b61fabf00d5fdb2d05a3,www.aie.edu.au/ austraila,https://www.academiccourses.com/universities/Australia/Academy-of-Interactive-Entertainment/,aie,Level  2 Wentworth Park Grandstand Wattle Street Ultimo NSW 2007,None,"['Level  2 Wentworth Park Grandstand Wattle Street Ultimo NSW 2007', 'Level  3 32 Grenfell Street Adelaide SA 5000', 'Suite 405, Seattle, WA 9810']",None,None,"['Pine St Chippendale, New South Wales, 2008 Australia', '/company/634f74a8-2ee5-3ec3-9b94-44342ef89654']"
5eb6b71e5cd9b7b54c7d9961,https://www.zenimax.com/,https://www.zenimax.com/,zenimax,"Manly NSW 2095, Australia","['Manly NSW 2095, Australia', ['ZeniMax Australia, address', 'knowledge_panel']]",None,None,None,"['Level 2 , 19 Rialto Lane Manly, New South Wales, 2095 Australia', '/company/3d2eab4a-c358-3142-b9fc-19d64a2d55fc']"
5eb6b9158f232307ce0bdc13,www.joybusinessacademy.com,https://www.joybusinessacademy.com/,joybusinessacademy,79 St Georges Bay Rd  Parnell Auckland 1052,None,"['79 St Georges Bay Rd  Parnell Auckland 1052', '79 St Georges Bay Rd Parnell, Auckland 1052', '79 St. Georges Bay Road Parnell, Auckland New Zealand', '79 St Georges Bay Rd Parnell Auckland 1052']",None,None,None
5eb6b9dbb8b6b03010c4dcc6,Examples: https://www.classcover.com.au/,https://www.classcover.com.au/teachers/features,classcover,"Suite 2, Level 15/189 Kent St, Sydney NSW 2000, Australia","['Suite 2, Level 15/189 Kent St, Sydney NSW 2000, Australia', ['Class Cover Pty Ltd, address', 'knowledge_panel']]",None,None,None,None
5eb6bad32c05d6f34cf32652,http://www.smartech.com/,https://www.smartech.com/,smartech,"31/324 Settlement Rd, Thomastown VIC 3074, Australia","['31/324 Settlement Rd, Thomastown VIC 3074, Australia', ['SmartTech Australia, address', 'knowledge_panel']]",None,None,None,"['12 Hall Street Newport, Victoria, 3015 Australia', '/company/c4d310b2-9722-3521-8a0c-92bd9b59f01a']"
5eb6bbbee2f17c3f3238cec8,http://www.pavt.com.au/,http://www.vsicam.com/partner/pavt-australia/,vsicam,"Suite U-102 Kent, WA 9803",None,"['Suite U-102 Kent, WA 9803']",None,None,None
5eb6bca1b68e7672cd0ef210,https://integralads.com/ ,https://integralads.com/,integralads,"Level  3 20 Bond Street Sydney, NSW 2000 Australia",None,"['Level  3 20 Bond Street Sydney, NSW 2000 Australia', 'Level  3 20 Bond Street Sydney, NSW 2000']",None,None,None
5eb6bdb1e7b6cc4614eb0edb,https://www.quantium.com/,https://quantium.com/,quantium,"Level 17 600 Bourke Street, Melbourne, Victoria 3000 Australia","['Level 17/600 Bourke St, Melbourne VIC 3000, Australia', ['Quantium, address', 'knowledge_panel']]","['Level 17 600 Bourke Street, Melbourne, Victoria 3000 Australia', 'Level  17 , 144 Edward Street Brisbane QLD, 4000 Australia', 'Level  25 , 8-12 Chifley Square, Sydney NSW 2000 Australia', 'Suite 1.02, Level 1, 17 Moore Street, Canberra ACT 2601 Australia', 'Level 17, 600 Bourke St, Melbourne VIC 3000 Australia', 'Level 17 144 Edward Street, Brisbane, Queensland 4000 Australia', 'Level  25 8-12 Chifley Square, Sydney, New South Wales 2000 Australia', 'Suite  1 .02, Level 1, 17 Moore Street Canberra ACT, 2601 Australia', 'Level 10 11 Britomart Place Auckland 1010 New Zealand']","['L 25 8-12 Chifley Sq Sydney, NEW SOUTH WALES, 2000 Australia', 'https://www.dnb.com/business-directory/company-profiles.the_quantium_group_holdings_pty_limited.3916579df14e1e37a7ad82a3a823b788.html']",None,"['Lot 1 Keylink Industrial Estate 395 Pembroke Rd Minto, New South Wales, 2566 Australia (Primary Address) Show Secondary', '/company/d6469307-de99-3d2b-a296-7cb2e8ebf3e6']"
5eb6beca47492aa1e0553de4,https://www.alvedia.com/,https://www.alvedia.com/,alvedia,None,None,None,None,None,None
5eb6bfc707fd60d7d77844de,www.flukebiomedical.com,https://www.flukebiomedical.com/,flukebiomedical,"6920 Seaway Blvd, MS203A, Everett WA 9820",None,"['6920 Seaway Blvd, MS203A, Everett WA 9820']",None,None,None
5ed3846f023b726e6d17d4f0,KAMAR  austraila,http://www.kaymar.com.au/,KAMAR  austraila,BONDI JUNCTION2022New South WalesAustralia,None,None,None,"['BONDI JUNCTION2022New South WalesAustralia', 'https://opencorporates.com/companies/au/069927519']",None
5ed38b25d439f58cc06e5825,Assembly  austraila,https://assemblylabel.com/,Assembly  austraila,14 Underwood Avenue Botany NSW 2019,None,"['14 Underwood Avenue Botany NSW 2019', '26 Albert Coates Ln, Melbourne VIC 3000', '2 /8-10 Station St, Bangalow NSW 2479', '221 Bondi Rd, Bondi NSW 2026', '36 Morley Avenue Rosebery NSW 2018', '14 Underwood Avenue Botany NSW 2019 Australia', 'Level 2,  Westfield Newmarket, Auckland 1023 New Zealand', '28 Jonson\xa0St, Byron Bay NSW 2481', '1062 High St,\xa0Armadale VIC 3143', '262 Oxford St, Paddington NSW 2021', '448 Botany Rd, Beaconsfield NSW 2015', '36 Morley Avenue Rosebery NSW 2018 Australia', '7 /65 James\xa0St, Fortitude Valley QLD 4006', '243 Brunswick St, Fitzroy VIC 3065', '79 - 81 Pittwater Rd, Manly NSW 2095', '14 Underwood Avenue  Botany, NSW 2019 AUSTRALIA']",None,"['MOONEE PONDS3039VictoriaAustralia', 'https://opencorporates.com/companies/au/637285173']",None
5ed38d5420653aee6e3220c8,Velpic ,https://www.velpic.com/,Velpic ,243 Hay Street Subiaco WA 6008,"['243 Hay St, Subiaco WA 6008, Australia', ['Velpic, address', 'knowledge_panel']]","['243 Hay Street Subiaco WA 6008', '243 Hay Street, Subiaco WA 6008 Australia']",None,"['306b Jervois Road, Herne Bay, Auckland1011NZ', 'https://opencorporates.com/companies/nz/5895456']","['L1 38 Garden St South Yarra, Victoria, 3141 Australia', '/company/00ea713a-2192-3f86-affd-c5a953f6cf1d']"
5ed38efe1838c05e0c6fb6e4,edval.com.au ,http://www.edval.com.au/,edval,"Ground floor, 83/97 Kippax St, Surry Hills NSW 2010, Australia","['Ground floor, 83/97 Kippax St, Surry Hills NSW 2010, Australia', ['Edval Timetables, address', 'knowledge_panel']]",None,None,None,"['G 83 83-97 Kippax Street Surry Hills, New South Wales, 2010 Australia', '/company/aa32e82f-75a4-366e-874e-03be695e0eb9']"
5ed3900863e5bffa1d2b4e2f,parentpaperwork.com ,https://parentpaperwork.com/,parentpaperwork,None,None,None,None,None,None
5ed391925d33c4975503bb94,3plearning.com ,https://www.3plearning.com/,3plearning,"Level  18 , 124 Walker St , North Sydney NSW 2060 AUSTRALIA","['L18/124 Walker St, North Sydney NSW 2060, Australia', ['3P Learning, address', 'knowledge_panel']]","['Level  18 , 124 Walker St , North Sydney NSW 2060 AUSTRALIA', 'Level  18 , 124 Walker Street, North Sydney, NSW 2060', '1800 132 875   Locked Bag A14, Sydney South, NSW 1235 Australia']","['18 Viaduct Harbour Avenue Auckland, AUCKLAND, 1010 New Zealand', 'https://www.dnb.com/business-directory/company-profiles.3p_learning_limited.94e009c22cb024b38badfaccdf70c952.html']","['18 Viaduct Harbour Avenue, Auckland1010NZ', 'https://opencorporates.com/companies/nz/1816570']",None
5ed394144eb75866dfdcdc0d,Mindsets Learning austraila,https://www.mindsets.com/,Mindsets Learning austraila,"Level  1 , 41-43 Stewart Street Richmond, VIC 3121 Australia",None,"['Level  1 , 41-43 Stewart Street Richmond, VIC 3121 Australia', 'Level  3 , 41-43 Stewart Street Melbourne Victoria 3121 Australia', 'Level  3 , 41-43 Stewart Street Melbourne, 3121 Australia', 'Level  1 , 41-43 Stewart Street Richmond, VIC 3121', 'Level  1 , 41-43 Stewart Street Richmond, VIC, 3121 Australia', 'Level  1 , 41-43 Stewart Street, Richmond Victoria Australia 3121']",None,None,None
5ed39521d784bdc428779a0f,canva.com ,https://www.canva.com/,canva,"L 1 110 Kippax St Surry Hills, New South Wales, 2010 Australia",None,None,None,None,"['L 1 110 Kippax St Surry Hills, New South Wales, 2010 Australia', '/company/2da833f0-0666-3850-ab0a-f587ff296e87']"
5ed3966ae5903d41b23471ba,clickview.com.au ,https://www.clickview.com.au/,clickview,"68 Dorrit St, Carlton VIC 3053","['Suite 125, Jones Bay Wharf, 26-32 Pirrama Rd, Pyrmont NSW 2009, Australia', ['ClickView, address', 'knowledge_panel']]","['68 Dorrit St, Carlton VIC 3053', 'SUITE 125, 26-32 PIRRAMA ROAD, PYRMONT, NEW SOUTH WALES 2009', 'Suite  125 , Jones Bay Wharf 26-32 Pirrama Road Pyrmont, NSW 2009', 'Suite  125 , Jones Bay Wharf, 26-32 Pirrama Road, Pyrmont, NSW 2009', 'Suite  125 , 26-32 Pirrama Road, Pyrmont, New South Wales 2009']",None,"['PYRMONT2009New South WalesAustralia', 'https://opencorporates.com/companies/au/106176514']","['Se 125 Jones Bay Wharf 26-32 Pirrama Rd Pyrmont, New South Wales, 2009 Australia', '/company/617b616a-b637-31ba-a87a-409ba583e17d']"
5ed3980c016ddd49b0f4c304,edrolo.com.au ,https://edrolo.com.au/,edrolo,"Level  1 , 144 George St Fitzroy, Victoria 3065","['7/144 George St, Fitzroy VIC 3065, Australia', ['EdroloHQ, address', 'knowledge_panel']]","['Level  1 , 144 George St Fitzroy, Victoria 3065', ""20 /36 O'Riordan Street Alexandria, New South Wales 2015"", '20 /36 O’Riordan St Alexandria, NSW 2015', 'Level  1 , 144 George Street, Fitzroy, Victoria 3065 Australia']","['203 Langridge St Abbotsford, VICTORIA, 3067 Australia', 'https://www.dnb.com/business-directory/company-profiles.tutor_on_demand_pty_ltd.76a7594139356c035adbb407688c282e.html']",None,"['203 Langridge St Abbotsford, Victoria, 3067 Australia', '/company/e2906555-5551-3780-ae33-d42507dd9a53']"
5ed3996045e3020d63762dce,literacyplanet.com ,https://www.literacyplanet.com/,literacyplanet,"Level 13, 333 George Street SYDNEY, NEW SOUTH WALES 2000 AUSTRALIA","['3/23 Main St, Varsity Lakes QLD 4227, Australia', ['LiteracyPlanet, address', 'knowledge_panel']]","['Level 13, 333 George Street SYDNEY, NEW SOUTH WALES 2000 AUSTRALIA', '3 /23 Main St  VARSITY LAKES QUEENSLAND 4227 AUSTRALIA', '3 /23 Main St  VARSITY LAKES QUEENSLAND 4227', '3 /23 Main St VARSITY LAKES  QUEENSLAND 4227 AUSTRALIA', 'PO Box 1001 ROBINA QLD 4226', '1300 565 696  3/23 Main St  VARSITY LAKES QUEENSLAND 4227 AUSTRALIA']",None,"['VARSITY LAKES4227QueenslandAustralia', 'https://opencorporates.com/companies/au/628673021']","['U 3 23 Main Street Varsity Lakes, Queensland, 4227 Australia', '/company/5d5602f2-c524-3283-aa4b-4bc2f395d623']"
5ed39b1195eba19024e714bf,makersempire.com ,https://www.makersempire.com/,makersempire,"Suite  30 , Stone & Chalk, Lot 14 North Terrace, Adelaide SA 5000","['Lot 14, 3rd Floor, Allied Health Building North Terrace, Adelaide SA 5000, Australia', ['Makers Empire, address', 'knowledge_panel']]","['Suite  30 , Stone & Chalk, Lot 14 North Terrace, Adelaide SA 5000', '200 Pulteney St, Adelaide, South Australia 5000 Australia', '6 November 2016, Adelaide, South Australia 2016', '14 North Terrace, Adelaide SA 5000']","['5 HARDY STREET GOODWOOD, SOUTH AUSTRALIA, 5034 Australia', 'https://www.dnb.com/business-directory/company-profiles.makers_empire_corporate_nominee_1_pty_ltd.44d6b3fe45bb31932ce276dfd2e6d989.html']",None,None
5ed39d3781f6df0d82e6bfda,mathspathway.com ,https://mathspathway.com/,mathspathway.com ,61 3 9910 4737 53 Park St South Melbourne Victoria Australia,None,['61 3 9910 4737 53 Park St South Melbourne Victoria Australia'],None,None,None
5ed39f30fc1a9fd5e77e332f,matific.com ,https://www.matific.com/,matific.com ,None,None,None,None,None,None
5ed3a07a5dbe3d7cdbc0a11f,quizlingapp.com ,https://quizlingapp.com/,quizlingapp.com ,1711 Canberra ACT Australia 2601,None,"['1711 Canberra ACT Australia 2601', '490 Northbourne Ave, Dickson ACT 2602']",None,None,None
5ed3a21a7deae88594ebebcb,songroom.org.au ,https://www.songroom.org.au/,songroom.org.au ,"PO Box 243 Prahran, Victoria 3181",None,"['2001 , ASIC Act', 'PO Box 243 Prahran, Victoria 3181']","['1-3 ST HELIERS ST ABBOTSFORD, VICTORIA, 3067 Australia', 'https://www.dnb.com/business-directory/company-profiles.the_song_room_limited.f2b15e6d2a41e33811625ddda93692cb.html']",None,None
5ed3a430b15357da758e9aaf,vettrak.com.au ,https://www.vettrak.com.au/,vettrak.com.au ,"5218 , Sydney NSW 2001",None,"['5218 , Sydney NSW 2001', 'Suite 3.01, 850 Collins Street, Docklands, VIC 3008', 'Level  4 93 York Street Launceston Tasmania 7250', 'Suite  3 .01 850 Collins Street Docklands Victoria 3008', 'Level  1 , Room 112, 838 Collins Street, Docklands VIC 3008']","['SE 219 838 Collins St Docklands, VICTORIA, 3008 Australia', 'https://www.dnb.com/business-directory/company-profiles.vettrak_pty_ltd.d0555653c369f9f334e80a882485733e.html']",None,None
5ed3a65cc612795088fb19b8,janison.com ,https://www.janison.com/,janison.com ,"Level  9 , 4 Williamson Avenue Grey Lynn, Auckland 1021",None,"['Level  9 , 4 Williamson Avenue Grey Lynn, Auckland 1021', 'Level  3 , Wentworth Park Grandstand, Wattle Street, Glebe NSW 2037 Australia', 'Level  9 , 4 Williamson Avenue  Grey Lynn, Auckland 1021 New Zealand', 'Level  9 , 4 Williamson Avenue Grey Lynn, Auckland 1021 New Zealand', 'Level  3 , Wentworth Park Grandstand  Wattle Street  Glebe NSW 2037', 'Level  9 , 4 Williamson Avenue  Grey Lynn, Auckland 1021', 'Level  3 , Wentworth Park Grandstand  Wattle Street  Glebe NSW 2037 Australia']",None,None,None
5ed3a8655fa4a60f979e1f88,learnosity.com ,https://learnosity.com/,learnosity.com ,"Level 18, 1 Margaret St, Sydney NSW 2000",None,"['Level 18, 1 Margaret St, Sydney NSW 2000', 'Level 18, 1 Margaret St, Sydney NSW 2000 Australia', 'Level 18, 1 Margaret St Sydney NSW 2000 Australia']",None,None,None
5ed3ac8b4daab633d19b58d8,https://schoolpro.com.au/ ,https://schoolpro.com.au/,schoolpro,4 /303-313 Burwood Highway Burwood East VIC 3151,"['Francis Forde Blvd, Forde ACT 2914, Australia', ['SchoolPRO Pty Ltd, address', 'knowledge_panel']]","['4 /303-313 Burwood Highway Burwood East VIC 3151', '4 /303-313 Burwood Highway, Burwood East, VIC 3151 Australia', 'Level  2 , 52 Davidson Terrace Joondalup WA 6027']",None,None,"['Po Box 738 Gungahlin, Australian Capital Territory, 2912 Australia', '/company/ef209596-2ae7-38b9-8a81-bbb7c8a966ae']"
5ed3add3461496c2716f7235,https://nearpod.com/ ,https://nearpod.com/,nearpod,None,None,None,None,None,None
5ed3af522f225fd825bf711a,http://www.etap.co.nz/ ,https://www.etap.co.nz/,etap,4 Eastside Business Park 15 Accent Drive East Tamaki Auckland 2013,None,"['4 Eastside Business Park 15 Accent Drive East Tamaki Auckland 2013', '4 Eastside Business Park 15 Accent Dve East Tamaki Auckland 2013']",None,"['Unit D, 12 Amera Place, Huntington Centre, East Tamaki, AucklandNZ', 'https://opencorporates.com/companies/nz/1904963']",None
5ed3b088624645fcbe0374c5,http://www.schoology.com/ ,https://www.schoology.com/,schoology,None,None,None,None,None,None
5ed3b2383758cc50c8bdd137,https://school-links.co.nz/ ,https://school-links.co.nz/,school-links,None,None,"['2015 /"",""name"":""Health and Safety Act', '2015 /"",""url"":""http://school-links.co.nz/tag/health-and-safety- act']",None,None,None
5ed3b766a882d958e63eb52e,https://www.txtstream.co.nz ,https://www.txtstream.co.nz/,txtstream,"PO Box 393, Kumeu Auckland 0841 New Zealand",None,"['PO Box 393, Kumeu Auckland 0841 New Zealand']",None,"['Lock & Partners Limited, Level 3, 16 College Hill, Freemans Bay, Auckland1011NZ', 'https://opencorporates.com/companies/nz/1628286']",None
